ID;Price Guide Sequence;Product Line;Product Name;Price (Non UPH Products);Price Grade 02;Price Grade 03;Price Grade 04;Price Grade 05;Price Grade 06;Price Grade 07;Price Grade 08;Price Grade 09;Price Grade 10;Price Grade 11;Price Grade 12;Price Grade 13;Price Optional Armpad or Armcap - Polyurethane;Price Optional Armcap - Polyurethane;Price Optional ArmPAD - Polyurethane;Price Optional Armpad or Armcap - Solid Surface;Price Optional Armcap - Solid Surface;Price Optional ArmPAD - Solid Surface;Price Optional Casters;Price Optional Swivel Tablet;Price Optional Chrome Finish;Price Optional Ganging Brackets;Price Optional Power Unit;Price Optional Bevel Edge;Price Optional Shelf;Country of Origin
AS1101;1;Amherst Steel;Guest Chair;;912;895;913;935;968;1.016;1200;1.174;1.298;1.447;1.641;1.893;68;;70;170;;170;;;;47;;;;US
AS1102;2;Amherst Steel;Armless Guest Chair;;801;895;913;935;968;1.016;1.081;1.174;1.298;1.447;1.641;1.893;;;;;;;;;;47;;;;US
AS1201;3;Amherst Steel;Oversize Guest Chair;;918;1.023;1.044;1.07;1.106;1.16;1.234;1.339;1.478;1.647;1.865;2.149;68;;68;166;;166;;;;47;;;;US
AS1401;4;Amherst Steel;Bariatric Chair;;1.286;1.479;1.516;1.563;1.631;1.73;1.865;2.057;2.313;2.621;3.022;3.543;68;;68;166;;166;;;;47;;;;US
AS1161;5;Amherst Steel;Hip Chair - Guest;;995;1.089;1.107;1.129;1.162;1.21;1.275;1.368;1.492;1.641;1.835;2.087;68;;68;166;;166;;;;47;;;;US
AS1261;6;Amherst Steel;Hip Chair - Oversize Guest;;1.116;1.221;1.242;1.268;1.304;1.358;1.432;1.537;1.676;1.845;2.063;2.347;68;;68;166;;166;;;;47;;;;US
AS1108;7;Amherst Steel;Patient Chair High Back;;979;1.137;1.167;1.206;1.261;1.342;1.453;1.61;1.819;2.072;2.399;2.825;68;;68;166;;166;;;;47;;;;US
AS1208;8;Amherst Steel;Patient Oversize Chair High Back;;1.119;1.294;1.328;1.371;1.433;1.522;1.646;1.82;2.053;2.333;2.697;3.171;68;;68;166;;166;;;;47;;;;US
AS2101;9;Amherst Steel;2 Seat Sofa;;1.542;1.73;1.766;1.81;1.876;1.972;2.102;2.288;2.536;2.834;3.222;3.726;68;;68;166;;166;;;;47;;;;US
AS2103;10;Amherst Steel;2 Seats with Center Arm;;1.542;1.73;1.766;1.81;1.876;1.972;2.102;2.288;2.536;2.834;3.222;3.726;102;;102;249;;249;;;;47;;;;US
AS3101;11;Amherst Steel;3 Seat Sofa;;2.284;2.566;2.62;2.686;2.785;2.929;3.124;3.403;3.775;4.222;4.804;5.56;68;;68;166;;166;;;;47;;;;US
AS3103;12;Amherst Steel;3 Seats with Center Arms;;2.284;2.566;2.62;2.686;2.785;2.929;3.124;3.403;3.775;4.222;4.804;5.56;136;;136;332;;332;;;;47;;;;US
AS4101;13;Amherst Steel;4 Seat Sofa;;3.022;3.398;3.47;3.558;3.69;3.882;4.142;4.514;5.01;5.606;6.382;7.39;68;;68;166;;166;;;;47;;;;US
AS4103;14;Amherst Steel;4 Seats with Center Arms;;3.022;3.398;3.47;3.558;3.69;3.882;4.142;4.514;5.01;5.606;6.382;7.39;170;;170;415;;415;;;;47;;;;US
AS5101;15;Amherst Steel;5 Seat Sofa;;3.764;4.234;4.324;4.434;4.599;4.839;5.164;5.629;6.249;6.994;7.964;9.224;68;;68;166;;166;;;;47;;;;US
AS5103;16;Amherst Steel;5 Seats with Center Arms;;3.764;4.234;4.324;4.434;4.599;4.839;5.164;5.629;6.249;6.994;7.964;9.224;204;;204;498;;498;;;;47;;;;US
AS2201;17;Amherst Steel;2 Chairs with Connecting Center Table;;1.964;2.152;2.188;2.232;2.298;2.394;2.524;2.71;2.958;3.256;3.644;4.148;136;;136;332;;332;;;;47;222;;;US
AS2301;18;Amherst Steel;2 Chairs with Connecting Corner Table;;2.154;2.342;2.378;2.422;2.488;2.584;2.714;2.9;3.148;3.446;3.834;4.338;136;;136;332;;332;;;;47;222;;;US
AS2001;19;Amherst Steel;2 Seat Bench;;949;1.072;1.096;1.126;1.169;1.232;1.318;1.44;1.603;1.799;2.054;2.385;;;;;;;;;;;;;;US
AS3001;20;Amherst Steel;3 Seat Bench;;1.286;1.444;1.474;1.513;1.568;1.649;1.76;1.917;2.126;2.379;2.706;3.132;;;;;;;;;;;;;;US
AS0620;21;Amherst Steel;End Table - Laminate;511;;;;;;;;;;;;;;;;;;;;;;;222;;;CN
AS0621;22;Amherst Steel;End Table - Solid Surface;941;;;;;;;;;;;;;;;;;;;;;;;222;;;US
AS0840;23;Amherst Steel;Coffee Table - Laminate;687;;;;;;;;;;;;;;;;;;;;;;;222;;;CN
AS0841;24;Amherst Steel;Coffee Table - Solid Surface;1.456;;;;;;;;;;;;;;;;;;;;;;;222;;;US
AS0020;25;Amherst Steel;Connecting Center Table;355;;;;;;;;;;;;;;;;;;;;;;;222;;;US
AS0030;26;Amherst Steel;Connecting Corner Table;546;;;;;;;;;;;;;;;;;;;;;;;222;;;US
AW1101;1;Amherst Wood;Guest Chair;;896;990;1.008;1.03;1.063;1.111;1.176;1.269;1.393;1.542;1.736;1.988;68;;68;166;;166;;;;47;;;;US
AW1201;2;Amherst Wood;Oversize Guest Chair;;1.038;1.143;1.164;1.19;1.226;1.28;1.354;1.459;1.598;1.767;1.985;2.269;68;;68;166;;166;;;;47;;;;US
AW1102;3;Amherst Wood;Armless Guest Chair;;896;990;1.008;1.03;1.063;1.111;1.176;1.269;1.393;1.542;1.736;1.988;;;;;;;;;;47;;;;US
AW1161;4;Amherst Wood;Hip Chair - Guest;;1.097;1.191;1.209;1.231;1.264;1.312;1.377;1.47;1.594;1.743;1.937;2.189;68;;68;166;;166;;;;47;;;;US
AW1261;5;Amherst Wood;Hip Chair - Oversize;;1.232;1.337;1.358;1.384;1.42;1.474;1.548;1.653;1.792;1.961;2.179;2.463;68;;68;166;;166;;;;47;;;;US
AW1108;6;Amherst Wood;Patient Chair High Back;;1.072;1.23;1.26;1.299;1.354;1.435;1.546;1.703;1.912;2.165;2.492;2.918;68;;68;166;;166;;;;47;;;;US
AW1208;7;Amherst Wood;Patient Oversize Chair High Back;;1.239;1.414;1.448;1.491;1.553;1.642;1.766;1.94;2.173;2.453;2.817;3.291;68;;68;166;;166;;;;47;;;;US
AW2101;8;Amherst Wood;2 Seat Sofa;;1.74;1.928;1.964;2.008;2.074;2.17;2.3;2.486;2.734;3.032;3.42;3.924;68;;68;166;;166;;;;47;;;;US
AW2103;9;Amherst Wood;2 Seats with Center Arm;;1.74;1.928;1.964;2.008;2.074;2.17;2.3;2.486;2.734;3.032;3.42;3.924;102;;102;249;;249;;;;47;;;;US
AW3101;10;Amherst Wood;3 Seat Sofa;;2.586;2.868;2.922;2.988;3.087;3.231;3.426;3.705;4.077;4.524;5.106;5.862;68;;68;166;;166;;;;47;;;;US
AW3103;11;Amherst Wood;3 Seats with Center Arms;;2.586;2.868;2.922;2.988;3.087;3.231;3.426;3.705;4.077;4.524;5.106;5.862;136;;136;332;;332;;;;47;;;;US
AW4101;12;Amherst Wood;4 Seat Sofa;;3.43;3.806;3.878;3.966;4.098;4.29;4.55;4.922;5.418;6.014;6.79;7.798;68;;68;166;;166;;;;47;;;;US
AW4103;13;Amherst Wood;4 Seats with Center Arms;;3.43;3.806;3.878;3.966;4.098;4.29;4.55;4.922;5.418;6.014;6.79;7.798;170;;170;415;;415;;;;47;;;;US
AW5101;14;Amherst Wood;5 Seat Sofa;;4.275;4.745;4.835;4.945;5.11;5.35;5.675;6.14;6.76;7.505;8.475;9.735;68;;68;166;;166;;;;47;;;;US
AW5103;15;Amherst Wood;5 Seats with Center Arms;;4.275;4.745;4.835;4.945;5.11;5.35;5.675;6.14;6.76;7.505;8.475;9.735;204;;204;498;;498;;;;47;;;;US
AW2001;18;Amherst Wood;2 Seat Bench;;1.093;1.198;1.219;1.245;1.281;1.335;1.409;1.514;1.653;1.822;2.04;2.324;68;;68;166;;166;;;;;;;;US
AW3001;19;Amherst Wood;3 Seat Bench;;1.528;1.686;1.716;1.755;1.81;1.891;2.002;2.159;2.368;2.621;2.948;3.374;68;;68;166;;166;;;;;;;;US
AW0620;20;Amherst Wood;End Table;539;;;;;;;;;;;;;;;;;;;;;;;222;;;CN
AW0624;21;Amherst Wood;Corner Table;644;;;;;;;;;;;;;;;;;;;;;;;222;;;CN
AW0840;22;Amherst Wood;Coffee Table;718;;;;;;;;;;;;;;;;;;;;;;;222;;;US
AF1101;1;Ashford;Guest Chair;;838;932;950;972;1.005;1.053;1.118;1.211;1.335;1.484;1.678;1.93;;;;;;;;;;;;;;US
AF1102;2;Ashford;Armless Guest Chair;;838;932;950;972;1.005;1.053;1.118;1.211;1.335;1.484;1.678;1.93;;;;;;;;;;;;;;US
AF2101;3;Ashford;2 Seat Sofa;;1.62;1.808;1.844;1.888;1.954;2.05;2.18;2.366;2.614;2.912;3.3;3.804;;;;;;;;;;;;;;US
AF2103;4;Ashford;2 Seats with Center Arm;;1.62;1.808;1.844;1.888;1.954;2.05;2.18;2.366;2.614;2.912;3.3;3.804;;;;;;;;;;;;;;US
AF3101;5;Ashford;3 Seat Sofa;;2.403;2.685;2.739;2.805;2.904;3.048;3.243;3.522;3.894;4.341;4.923;5.679;;;;;;;;;;;;;;US
AF3103;6;Ashford;3 Seats with Center Arms;;2.403;2.685;2.739;2.805;2.904;3.048;3.243;3.522;3.894;4.341;4.923;5.679;;;;;;;;;;;;;;US
AF4101;7;Ashford;4 Seat Sofa;;3.185;3.561;3.633;3.721;3.853;4.045;4.305;4.677;5.173;5.769;6.545;7.553;;;;;;;;;;;;;;US
AF4103;8;Ashford;4 Seats with Center Arms;;3.185;3.561;3.633;3.721;3.853;4.045;4.305;4.677;5.173;5.769;6.545;7.553;;;;;;;;;;;;;;US
AF5101;9;Ashford;5 Seat Sofa;;3.968;4.438;4.528;4.638;4.803;5.043;5.368;5.833;6.453;7.198;8.168;9.428;;;;;;;;;;;;;;US
AF5103;10;Ashford;5 Seats with Center Arms;;3.968;4.438;4.528;4.638;4.803;5.043;5.368;5.833;6.453;7.198;8.168;9.428;;;;;;;;;;;;;;US
AF0620;13;Ashford;End Table;543;;;;;;;;;;;;;;;;;;;;;;;222;;;CN
AF0840;14;Ashford;Coffee Table;723;;;;;;;;;;;;;;;;;;;;;;;222;;;US
AF0624;15;Ashford;Corner Table;652;;;;;;;;;;;;;;;;;;;;;;;222;;;CN
AV1131;1;Avon;Guest Chair - UPH Seat & UPH Back;;715;809;827;849;882;930;995;1.088;1.212;1.361;1.555;1.807;68;68;;337;337;;73;;;47;;;;US
AV1141;2;Avon;Guest Chair - UPH Seat & LAM Back;;739;809;823;840;865;901;950;1.02;1.113;1.225;1.371;1.56;68;68;;337;337;;73;;;47;;;;US
AV1151;3;Avon;Guest Chair - LAM Seat & LAM Back;762;;;;;;;;;;;;;68;68;;337;337;;73;;;47;;;;US
AV1132;4;Avon;Armless Chair - UPH Seat & UPH Back;;655;749;767;789;822;870;935;1.028;1.152;1.301;1.495;1.747;;;;;;;73;;;47;;;;US
AV1142;5;Avon;Armless Chair - UPH Seat & LAM Back;;695;765;779;796;821;857;906;976;1.069;1.181;1.327;1.516;;;;;;;73;;;47;;;;US
AV1152;6;Avon;Armless Chair - LAM Seat & LAM Back;733;;;;;;;;;;;;;;;;;;;73;;;47;;;;US
AV1231;7;Avon;Oversize Guest Chair - UPH Seat & UPH Back;;840;945;966;992;1.028;1.082;1.156;1.261;1.4;1.569;1.787;2.071;68;68;;337;337;;;;;47;;;;US
AV1241;8;Avon;Oversize Guest Chair - UPH Seat & LAM Back;;861;949;966;987;1.018;1.063;1.125;1.212;1.328;1.468;1.65;1.887;68;68;;337;337;;;;;47;;;;US
AV1251;9;Avon;Oversize Guest Chair - LAM Seat & LAM Back;883;;;;;;;;;;;;;68;68;;337;337;;;;;47;;;;US
AV1401;10;Avon;Bariatric Chair - UPH Seat & UPH Back;;1500;1.323;1.357;1.4;1.462;1600;1.675;1.849;2.082;2.362;2.726;3.2;70;70;;337;337;;;;;47;;;;US
AV1501;11;Avon;Loveseat - UPH Seat & UPH Back;;1.301;1.476;1.51;1.553;1.615;1.704;1.828;2.002;2.235;2.515;2.879;3.353;68;68;;337;337;;;;;47;;;;US
AV1161;12;Avon;Hip Chair - UPH Seat & UPH Back;;914;1.008;1.026;1.048;1.081;1.129;1.194;1.287;1.411;1.56;1.754;2.006;68;68;;337;337;;;;;47;;;;US
AV1194;13;Avon;Bar Height Stool - UPH Seat & UPH Back;;840;928;945;966;997;1.042;1.104;1.191;1.307;1.447;1.629;1.866;;;;;;;;;;;;;;US
AV1195;14;Avon;Bar Height Stool - UPH Seat & LAM Back;;863;933;947;964;989;1.025;1.074;1.144;1.237;1.349;1.495;1.684;;;;;;;;;;;;;;US
AV1196;15;Avon;Bar Height Stool - LAM Seat & LAM Back;844;;;;;;;;;;;;;;;;;;;;;;;;;;US
AV1184;16;Avon;Counter Height Stool - UPH Seat & UPH Back;;840;928;945;966;997;1.042;1.104;1.191;1.307;1.447;1.629;1.866;;;;;;;;;;;;;;US
AV1185;17;Avon;Counter Height Stool - UPH Seat & LAM Back;;863;933;947;964;989;1.025;1.074;1.144;1.237;1.349;1.495;1.684;;;;;;;;;;;;;;US
AV1186;18;Avon;Counter Height Stool - LAM Seat & LAM Back;884;;;;;;;;;;;;;;;;;;;;;;;;;;US
AV2231;19;Avon;2 Chairs with Center Table - UPH Seat & UPH Back;;1.793;1.981;2.017;2.061;2.127;2.223;2.353;2.539;2.787;3.085;3.473;3.977;136;136;;674;674;;;;;47;222;;;US
AV2241;20;Avon;2 Chairs with Center Table - UPH Seat & LAM Back;;1.838;1.978;2.005;2.04;2.089;2.161;2.259;2.399;2.585;2.809;3.101;3.479;136;136;;674;674;;;;;47;222;;;US
AV2251;21;Avon;2 Chairs with Center Table - LAM Seat & LAM Back;1.883;;;;;;;;;;;;;136;136;;674;674;;;;;47;222;;;US
AV2331;22;Avon;2 Chairs with Corner Table - UPH Seat & UPH Back;;1.992;2.18;2.216;2.26;2.326;2.422;2.552;2.738;2.986;3.284;3.672;4.176;136;136;;674;674;;;;;47;222;;;US
AV2341;23;Avon;2 Chairs with Corner Table - UPH Seat & LAM Back;;2.038;2.178;2.205;2.24;2.289;2.361;2.459;2.599;2.785;3.009;3.301;3.679;136;136;;674;674;;;;;47;222;;;US
AV2351;24;Avon;2 Chairs with Corner Table - LAM Seat & LAM Back;2.081;;;;;;;;;;;;;136;136;;674;674;;;;;47;222;;;US
AV2001;25;Avon;2 Seat Bench;;915;1.073;1.103;1.142;1.197;1.278;1.389;1.546;1.755;2.008;2.335;2.761;;;;;;;;;;;;;;US
AV2003;26;Avon;2 Seat Bench with Center Table;;1.221;1.396;1.43;1.473;1.535;1.624;1.748;1.922;2.155;2.435;2.799;3.273;;;;;;;;;;;222;;;US
AV3001;27;Avon;3 Seat Bench;;1.258;1.468;1.509;1.561;1.634;1.742;1.89;2.099;2.378;2.715;3.152;3.72;;;;;;;;;;;;;;US
AV0620;28;Avon;End Table Square - Laminate;485;;;;;;;;;;;;;;;;;;;;;;;222;;;CN
AV0621;29;Avon;End Table Square - Solid Surface;915;;;;;;;;;;;;;;;;;;;;;;;222;;;US
AV0524;30;Avon;End Table Round - Laminate;503;;;;;;;;;;;;;;;;;;;;;;;222;;;US
AV0525;31;Avon;End Table Round - Solid Surface;1.064;;;;;;;;;;;;;;;;;;;;;;;222;;;US
AV0020;36;Avon;Connecting Center Table;356;;;;;;;;;;;;;;;;;;;;;;;;;;US
AV0030;38;Avon;Connecting Corner Table;557;;;;;;;;;;;;;;;;;;;;;;;;;;US
AV0090;40;Avon;Ganging Brackets - Set of 2;47;;;;;;;;;;;;;;;;;;;;;;;;;;CN
AV5130;42;Avon Café Tables;"Round Table 30"" - 30"" Tall";914;;;;;;;;;;;;;;;;;;;;;;;222;26;;US
AV5136;44;Avon Café Tables;"Round Table 36"" - 30"" Tall";1.038;;;;;;;;;;;;;;;;;;;;;;;222;30;;US
AV5142;46;Avon Café Tables;"Round Table 42"" - 30"" Tall";1.221;;;;;;;;;;;;;;;;;;;;;;;222;31;;US
AV5230;48;Avon Café Tables;"Round Table 30"" - 42"" Tall";976;;;;;;;;;;;;;;;;;;;;;;;222;26;;US
AV5236;50;Avon Café Tables;"Round Table 36"" - 42"" Tall";1.099;;;;;;;;;;;;;;;;;;;;;;;222;30;;US
AV5242;52;Avon Café Tables;"Round Table 42"" - 42"" Tall";1.282;;;;;;;;;;;;;;;;;;;;;;;222;31;;US
AV6130;54;Avon Café Tables;"Square Table 30"" - 30"" Tall";914;;;;;;;;;;;;;;;;;;;;;;;222;26;;US
AV6136;56;Avon Café Tables;"Square Table 36"" - 30"" Tall";1.038;;;;;;;;;;;;;;;;;;;;;;;222;30;;US
AV6142;58;Avon Café Tables;"Square Table 42"" - 30"" Tall";1.221;;;;;;;;;;;;;;;;;;;;;;;222;31;;US
AV6230;60;Avon Café Tables;"Square Table 30"" - 42"" Tall";976;;;;;;;;;;;;;;;;;;;;;;;222;26;;US
AV6236;62;Avon Café Tables;"Square Table 36"" - 42"" Tall";1.089;;;;;;;;;;;;;;;;;;;;;;;222;30;;US
AV6242;64;Avon Café Tables;"Square Table 42"" - 42"" Tall";1.282;;;;;;;;;;;;;;;;;;;;;;;222;31;;US
AV7172;66;Avon Café Tables;"Oval Table 36x72"" - 30"" Tall";1.961;;;;;;;;;;;;;;;;;;;;;;;222;46;;US
AV7272;67;Avon Café Tables;"Oval Table 36x72"" - 42"" Tall";2.064;;;;;;;;;;;;;;;;;;;;;;;222;46;;US
AV8172;68;Avon Café Tables;"Rectangular Table 36x72"" - 30"" Tall";1.961;;;;;;;;;;;;;;;;;;;;;;;222;46;;US
AV8272;69;Avon Café Tables;"Rectangular Table 36x72"" - 42"" Tall";2.064;;;;;;;;;;;;;;;;;;;;;;;222;46;;US
BL1101;1;Belmont;Guest Chair;;1600;1.523;1.564;1.616;1.689;1.797;1.945;2.154;2.433;2.77;3.207;3.775;0;0;;340;340;;;;;;;;;US
BL1201;2;Belmont;Oversize Guest Chair;;1.779;1.759;1.813;1.882;1.98;2.124;2.321;2.6;2.973;3.421;4.004;4.761;0;0;;320;320;;;;;;;;;US
BL1401;3;Belmont;Bariatric Chair;;1.973;2.253;2.307;2.376;2.474;2.618;2.815;3.094;3.467;3.915;4.498;5.255;0;0;;320;320;;;;;;;;;US
BL1501;4;Belmont;Loveseat;;1.88;2.16;2.214;2.283;2.381;2.525;2.722;3.001;3.374;3.822;4.405;5.162;0;0;;320;320;;;;;;;;;US
BL2103;5;Belmont;2 Seats with Center Arm;;2.395;2.763;2.834;2.924;3.053;3.242;3.501;3.866;4.355;4.944;5.709;6.703;0;0;;480;480;;;;;;;;;US
BL3103;6;Belmont;3 Seats with Center Arms;;3.477;4.002;4.103;4.233;4.417;4.686;5.056;5.578;6.277;7.118;8.211;9.631;0;0;;640;640;;;;;;;;;US
BL4103;7;Belmont;4 Seats with Center Arms;;4.558;5.241;5.372;5.54;5.78;6.13;6.611;7.289;8.198;9.291;10.712;12.557;0;0;;800;800;;;;;;;;;US
BL5103;8;Belmont;5 Seats with Center Arms;;5.641;6.481;6.643;6.85;7.144;7.575;8.167;9.002;10.121;11.467;13.215;15.486;0;0;;960;960;;;;;;;;;US
BL2201;9;Belmont;2 Chairs with Connecting Center Table;;2.986;3.406;3.487;3.591;3.738;3.953;4.249;4.667;5.226;5.899;6.773;7.909;0;0;;640;640;;;;;;222;;;US
BL0620;10;Belmont;End Table;575;;;;;;;;;;;;;;;;;;;;;;;222;;;US
BL0624;11;Belmont;Corner Table;671;;;;;;;;;;;;;;;;;;;;;;;222;;;US
BL0840;12;Belmont;Coffee Table;742;;;;;;;;;;;;;;;;;;;;;;;222;;;US
BL0020;13;Belmont;Connecting Center Table;356;;;;;;;;;;;;;;;;;;;;;;;;;;US
PF0118;1;Bloom;Pouf Cylinder;;862;985;1.009;1.039;1.082;1.145;1.231;1.353;1.516;1.712;1.967;2.298;;;;;;;;;;;;;;US
PF0218;2;Bloom;Pouf Cube;;862;1.02;1.05;1.089;1.144;1.225;1.336;1.493;1.702;1.955;2.282;2.708;;;;;;;;;;;;;;US
PF0716;3;Bloom;"Pouf Table Cylinder 16"" Tall - Laminate Top";;841;1.058;1.08;1.109;1.149;1.209;1.291;1.406;1.561;1.747;1.989;2.303;;;;;;;;;;;222;;;US
PF0717;4;Bloom;"Pouf Table Cylinder 16"" Tall - Solid Surface Top";;1.236;1.353;1.375;1.404;1.444;1.504;1.586;1.701;1.856;2.042;2.284;2.598;;;;;;;;;;;222;;;US
PF0720;5;Bloom;"Pouf Table Cylinder 20"" Tall - Laminate Top";;986;1.103;1.125;1.154;1.194;1.254;1.336;1.451;1.606;1.792;2.034;2.348;;;;;;;;;;;222;;;US
PF0721;6;Bloom;"Pouf Table Cylinder 20"" Tall - Solid Surface Top";;1.298;1.415;1.437;1.466;1.506;1.566;1.648;1.763;1.918;2.104;2.346;2.66;;;;;;;;;;;222;;;US
PF0816;7;Bloom;"Pouf Table Cube 16"" Tall - Laminate Top";;941;1.058;1.08;1.109;1.149;1.209;1.291;1.406;1.561;1.747;1.989;2.303;;;;;;;;;;;222;;;US
PF0817;8;Bloom;"Pouf Table Cube 16"" Tall - Solid Surface Top";;1.236;1.353;1.376;1.404;1.444;1.504;1.586;1.701;1.856;2.042;2.284;2.598;;;;;;;;;;;222;;;US
PF0820;9;Bloom;"Pouf Table Cube 20"" Tall - Laminate Top";;986;1.103;1.125;1.154;1.194;1.254;1.336;1.451;1.606;1.792;2.034;2.348;;;;;;;;;;;222;;;US
PF0821;10;Bloom;"Pouf Table Cube 20"" Tall - Solid Surface Top";;1.298;1.415;1.437;1.466;1.506;1.566;1.648;1.763;1.918;2.104;2.346;2.66;;;;;;;;;;;222;;;US
PF6116;11;Bloom;"Laminate Table Cylinder 16"" Tall - Laminate Top";772;;;;;;;;;;;;;;;;;;;;;;;222;;;US
PF6216;12;Bloom;"Laminate Table Cylinder 16"" Tall - Solid Surface Top";1.157;;;;;;;;;;;;;;;;;;;;;;;222;;;US
PF6120;13;Bloom;"Laminate Table Cylinder 20"" Tall - Laminate Top";852;;;;;;;;;;;;;;;;;;;;;;;222;;;US
PF6220;14;Bloom;"Laminate Table Cylinder 20"" Tall - Solid Surface Top";1.231;;;;;;;;;;;;;;;;;;;;;;;222;;;US
PF6316;15;Bloom;"Laminate Table Cube 16"" Tall - Laminate Top";815;;;;;;;;;;;;;;;;;;;;;;;222;;;US
PF6416;16;Bloom;"Laminate Table Cube 16"" Tall - Solid Surface Top";1.209;;;;;;;;;;;;;;;;;;;;;;;222;;;US
PF6320;17;Bloom;"Laminate Table Cube 20"" Tall - Laminate Top";917;;;;;;;;;;;;;;;;;;;;;;;222;;;US
PF6420;18;Bloom;"Laminate Table Cube 20"" Tall - Solid Surface Top";1.313;;;;;;;;;;;;;;;;;;;;;;;222;;;US
BK1101;1;Brooklyn;Guest Chair;;764;878;900;928;968;1.026;1.107;1.22;1.371;1.553;1.79;2.098;68;;68;166;;166;;;;;;;;US
BK1201;2;Brooklyn;Oversize Guest Chair;;949;1.124;1.158;1.201;1.263;1.352;1.476;1.65;1.883;2.163;2.527;3.001;68;;68;166;;166;;;;;;;;US
BK1102;3;Brooklyn;Armless Guest Chair;;764;878;900;928;968;1.026;1.107;1.22;1.371;1.553;1.79;2.098;;;;;;;;;;;;;;US
BK1301;4;Brooklyn;Lounge Chair;;1.187;1.38;1.417;1.464;1.532;1.631;1.766;1.958;2.214;2.522;2.923;3.444;68;;68;166;;166;;;;;;;;US
BK2101;5;Brooklyn;2 Seat Sofa;;1.473;1.701;1.745;1.801;1.881;1.997;2.159;2.385;2.687;3.051;3.525;4.141;68;;68;166;;166;;;;;;;;US
BK2103;6;Brooklyn;2 Seats with Center Arm;;1.473;1.701;1.745;1.801;1.881;1.997;2.159;2.385;2.687;3.051;3.525;4.141;102;;102;249;;249;;;;;;;;US
BK3101;7;Brooklyn;3 Seat Sofa;;2.183;2.525;2.591;2.675;2.795;2.969;3.212;3.551;4.004;4.55;5.261;6.185;68;;68;166;;166;;;;;;;;US
BK3103;8;Brooklyn;3 Seats with Center Arms;;2.183;2.525;2.591;2.675;2.795;2.969;3.212;3.551;4.004;4.55;5.261;6.185;136;;136;332;;332;;;;;;;;US
BK4101;9;Brooklyn;4 Seat Sofa;;2.897;3.353;3.441;3.553;3.713;3.945;4.269;4.721;5.325;6.053;7.001;8.233;68;;68;166;;166;;;;;;;;US
BK4103;10;Brooklyn;4 Seats with Center Arms;;2.897;3.353;3.441;3.553;3.713;3.945;4.269;4.721;5.325;6.053;7.001;8.233;170;;170;415;;415;;;;;;;;US
BK5101;11;Brooklyn;5 Seat Sofa;;3.607;4.177;4.287;4.427;4.627;4.917;5.322;5.887;6.642;7.552;8.737;10.277;68;;68;166;;166;;;;;;;;US
BK5103;12;Brooklyn;5 Seats with Center Arms;;3.607;4.177;4.287;4.427;4.627;4.917;5.322;5.887;6.642;7.552;8.737;10.277;204;;204;498;;498;;;;;;;;US
BK2201;13;Brooklyn;2 Chairs with Connecting Center Table;;1.884;2.112;2.156;2.212;2.292;2.408;2.57;2.796;3.098;3.462;3.936;4.552;136;;136;332;;332;;;;;222;;;US
BK2001;14;Brooklyn;2 Seat Bench;;931;1.054;1.078;1.108;1.151;1.214;1.3;1.422;1.585;1.781;2.036;2.367;68;;68;166;;166;;;;;;;;US
BK3001;15;Brooklyn;3 Seat Bench;;1.269;1.427;1.457;1.496;1.551;1.632;1.743;1.9;2.109;2.362;2.689;3.115;68;;68;166;;166;;;;;;;;US
BK0620;16;Brooklyn;End Table;563;;;;;;;;;;;;;;;;;;;;;;;222;;;US
BK0840;17;Brooklyn;Coffee Table;774;;;;;;;;;;;;;;;;;;;;;;;222;;;US
BK0636;18;Brooklyn;"Square Table 36"" ";1.423;;;;;;;;;;;;;;;;;;;;;;;222;;;US
BK0642;19;Brooklyn;"Square Table 42"" ";1.499;;;;;;;;;;;;;;;;;;;;;;;222;;;US
BK0020;20;Brooklyn;Connecting Center Table;353;;;;;;;;;;;;;;;;;;;;;;;;;;US
CX1171;1;Chat;Guest Chair - Square Back - UPH Seat & UPH Back;;536;606;620;637;662;698;747;817;910;1.022;1.168;1.357;;;;;;;55;;;47;;;;US
CX1172;2;Chat;Armless Guest Chair - Square Back - UPH Seat & UPH Back;;508;578;592;609;634;670;719;789;882;994;1.14;1.329;;;;;;;55;;;47;;;;US
CX1271;3;Chat;Oversize Guest Chair - Square Back - UPH Seat & UPH Back;;637;714;729;748;775;815;869;946;1.048;1.171;1.332;1.54;;;;;;;;;;47;;;;US
CX1471;4;Chat;Bariatric Chair - Square Back - UPH Seat & UPH Back;;926;1.066;1.093;1.128;1.177;1.249;1.347;1.487;1.673;1.897;2.189;2.567;;;;;;;;;;47;;;;US
CX1131;5;Chat;Guest Chair - Round Back - UPH Seat & UPH Back;;536;606;620;637;662;698;747;817;910;1.022;1.168;1.357;;;;;;;55;;;47;;;;US
CX1141;6;Chat;Guest Chair - Round Back - UPH Seat & Poly Back;;526;570;579;589;605;627;658;702;760;830;921;1.039;;;;;;;55;;;47;;;;US
CX1151;7;Chat;Guest Chair - Round Back - Poly Seat & Poly Back;503;;;;;;;;;;;;;;;;;;;55;;;47;;;;CN
CX1132;8;Chat;Armless Guest Chair - Round Back - UPH Seat & UPH Back;;508;578;592;609;634;670;719;789;882;994;1.14;1.329;;;;;;;55;;;47;;;;US
CX1142;9;Chat;Armless Guest Chair - Round Back - UPH Seat & Poly Back;;498;542;551;561;577;599;630;674;732;802;893;1.011;;;;;;;55;;;47;;;;US
CX1152;10;Chat;Armless Guest Chair - Round Back - Poly Seat & Poly Back;475;;;;;;;;;;;;;;;;;;;55;;;47;;;;CN
CX1231;11;Chat;Oversize Guest Chair - Round Back - UPH Seat & UPH Back;;637;714;729;748;775;815;869;946;1.048;1.171;1.332;1.54;;;;;;;;;;47;;;;US
CX1431;12;Chat;Bariatric Chair - Round Back - UPH Seat & UPH Back;;926;1.066;1.093;1.128;1.177;1.249;1.347;1.487;1.673;1.897;2.189;2.567;;;;;;;;;;47;;;;US
CX2001;13;Chat;2 Seat Bench;;780;885;906;932;968;1.022;1.096;1.201;1.34;1.509;1.727;2.011;;;;;;;;;;;;;;US
CX3001;14;Chat;3 Seat Bench;;1.084;1.242;1.272;1.311;1.366;1.447;1.558;1.715;1.924;2.177;2.504;2.93;;;;;;;;;;;;;;US
CX0620;15;Chat;End Table Square - Laminate;479;;;;;;;;;;;;;;;;;;;;;;;222;;;CN
CX0621;16;Chat;End Table Square - Solid Surface;908;;;;;;;;;;;;;;;;;;;;;;;222;;;US
CX0524;17;Chat;End Table Round - Laminate;497;;;;;;;;;;;;;;;;;;;;;;;222;;;US
CX0525;18;Chat;End Table Round - Solid Surface;1.058;;;;;;;;;;;;;;;;;;;;;;;222;;;US
CX0090;19;Chat;Ganging Brackets for Guest & Oversize - Set of 2;47;;;;;;;;;;;;;;;;;;;;;;;;;;CN
CX0091;20;Chat;Ganging Brackets for Armless - Set of 2;47;;;;;;;;;;;;;;;;;;;;;;;;;;CN
CL1001;1;Classic;1 Seat Bench;;435;505;519;536;561;597;646;716;809;921;1.067;1.256;;;;;;;;;;;;;;US
CL1156;1;Classic;Guest Chair - Open Back;;643;713;727;744;769;805;854;924;1.017;1.129;1.275;1.464;;;;;;;43;;;;;;;US
CL1157;3;Classic;Armless Guest Chair - Open Back;;643;713;727;744;769;805;854;924;1.017;1.129;1.275;1.464;;;;;;;;;;;;;;US
CL2001;2;Classic;2 Seat Bench;;831;971;999;1.033;1.083;1.155;1.253;1.393;1.579;1.803;2.095;2.473;;;;;;;;;;;;;;US
CL3001;3;Classic;3 Seat Bench;;1.231;1.441;1.483;1.534;1.609;1.716;1.864;2.074;2.353;2.689;3.127;3.694;;;;;;;;;;;;;;US
CL2501;4;Classic;2 Seat Sofa - Open Back;;1.232;1.372;1.4;1.434;1.484;1.556;1.654;1.794;1.98;2.204;2.496;2.874;;;;;;;;;;;;;;US
CL2503;5;Classic;2 Seats with Center Arm - Open Back;;1.232;1.372;1.4;1.434;1.484;1.556;1.654;1.794;1.98;2.204;2.496;2.874;;;;;;;;;;;;;;US
CL4001;4;Classic;4 Seat Bench;;1.628;1.908;1.964;2.032;2.132;2.275;2.472;2.752;3.124;3.572;4.156;4.912;;;;;;;;;;;;;;US
CL3501;6;Classic;3 Seat Sofa - Open Back;;1.82;2.03;2.072;2.123;2.198;2.306;2.453;2.663;2.942;3.278;3.716;4.283;;;;;;;;;;;;;;US
CL3503;7;Classic;3 Seats with Center Arms - Open Back;;1.82;2.03;2.072;2.123;2.198;2.306;2.453;2.663;2.942;3.278;3.716;4.283;;;;;;;;;;;;;;US
CL5001;5;Classic;5 Seat Bench;;2.025;2.375;2.445;2.53;2.655;2.834;3.08;3.43;3.895;4.455;5.185;6.13;;;;;;;;;;;;;;US
CL4501;8;Classic;4 Seat Sofa - Open Back;;2.408;2.688;2.744;2.812;2.912;3.056;3.252;3.532;3.904;4.352;4.936;5.692;;;;;;;;;;;;;;US
CL4503;9;Classic;4 Seats with Center Arms - Open Back;;2.408;2.688;2.744;2.812;2.912;3.056;3.252;3.532;3.904;4.352;4.936;5.692;;;;;;;;;;;;;;US
CL5501;10;Classic;5 Seat Sofa - Open Back;;2.996;3.346;3.416;3.501;3.626;3.806;4.051;4.401;4.866;5.426;6.156;7.101;;;;;;;;;;;;;;US
CL5503;11;Classic;5 Seats with Center Arms - Open Back;;2.996;3.346;3.416;3.501;3.626;3.806;4.051;4.401;4.866;5.426;6.156;7.101;;;;;;;;;;;;;;US
CD1190;1;Concord;Cafe Chair - Upholstered Seat;;447;491;500;510;526;548;579;623;681;751;842;960;;;;;;;;;;;;;;US
CD1191;2;Concord;Cafe Chair - Wood Seat;446;;;;;;;;;;;;;;;;;;;;;;;;;;US
CD1192;3;Concord;Cafe Stool - Upholstered Seat;;555;599;608;618;634;656;687;731;789;859;950;1.068;;;;;;;;;;;;;;US
CD1193;4;Concord;Cafe Stool - Wood Seat;555;;;;;;;;;;;;;;;;;;;;;;;;;;US
CD5130;5;Concord;"Round Table 30"" - 30"" Tall";532;;;;;;;;;;;;;;;;;;;;;;;222;;;CN
CD5136;6;Concord;"Round Table 36"" - 30"" Tall";695;;;;;;;;;;;;;;;;;;;;;;;222;;;CN
CD5142;7;Concord;"Round Table 42"" - 30"" Tall";779;;;;;;;;;;;;;;;;;;;;;;;222;;;CN
CD5230;8;Concord;"Round Table 30"" - 42"" Tall";588;;;;;;;;;;;;;;;;;;;;;;;222;;;CN
CD5236;9;Concord;"Round Table 36"" - 42"" Tall";745;;;;;;;;;;;;;;;;;;;;;;;222;;;CN
CD5242;10;Concord;"Round Table 42"" - 42"" Tall";838;;;;;;;;;;;;;;;;;;;;;;;222;;;CN
CD6130;11;Concord;"Square Table 30"" - 30"" Tall";532;;;;;;;;;;;;;;;;;;;;;;;222;;;CN
CD6136;12;Concord;"Square Table 36"" - 30"" Tall";695;;;;;;;;;;;;;;;;;;;;;;;222;;;CN
CD6142;13;Concord;"Square Table 42"" - 30"" Tall";779;;;;;;;;;;;;;;;;;;;;;;;222;;;CN
CD6230;14;Concord;"Square Table 30"" - 42"" Tall";588;;;;;;;;;;;;;;;;;;;;;;;222;;;CN
CD6236;15;Concord;"Square Table 36"" - 42"" Tall";745;;;;;;;;;;;;;;;;;;;;;;;222;;;CN
CD6242;16;Concord;"Square Table 42"" - 42"" Tall";838;;;;;;;;;;;;;;;;;;;;;;;222;;;CN
CD7172;17;Concord;"Oval Table 36x72"" - 30"" Tall";1.604;;;;;;;;;;;;;;;;;;;;;;;222;;;CN
CD7272;18;Concord;"Oval Table 36x72"" - 42"" Tall";1.691;;;;;;;;;;;;;;;;;;;;;;;222;;;CN
CR1001;1;Contour;1 Seat Bench;;470;540;554;571;596;631;681;751;844;956;1.102;1.291;;;;;;;;;;;;;;US
CR1146;1;Contour;Guest Chair - Full Back;;706;794;811;832;863;908;970;1.057;1.173;1.313;1.495;1.732;;;;;;;43;;;;;;;US
CR1147;3;Contour;Armless Guest Chair - Full Back;;706;794;811;832;863;908;970;1.057;1.173;1.313;1.495;1.732;;;;;;;;;;;;;;US
CR2001;2;Contour;2 Seat Bench;;901;1.041;1.069;1.103;1.153;1.225;1.323;1.463;1.649;1.873;2.165;2.543;;;;;;;;;;;;;;US
CR3001;3;Contour;3 Seat Bench;;1.332;1.542;1.584;1.635;1.71;1.817;1.965;2.175;2.454;2.79;3.228;3.795;;;;;;;;;;;;;;US
CR2401;4;Contour;2 Seat Sofa - Full Back;;1.353;1.529;1.563;1.605;1.667;1.757;1.881;2.055;2.287;2.567;2.931;3.405;;;;;;;;;;;;;;US
CR2403;5;Contour;2 Seats with Center Arm - Full Back;;1.353;1.529;1.563;1.605;1.667;1.757;1.881;2.055;2.287;2.567;2.931;3.405;;;;;;;;;;;;;;US
CR4001;4;Contour;4 Seat Bench;;1.763;2.043;2.099;2.167;2.267;2.41;2.607;2.887;3.259;3.707;4.291;5.047;;;;;;;;;;;;;;US
CR3401;6;Contour;3 Seat Sofa - Full Back;;2.002;2.266;2.317;2.38;2.473;2.608;2.794;3.055;3.403;3.823;4.369;5.08;;;;;;;;;;;;;;US
CR3403;7;Contour;3 Seats with Center Arms - Full Back;;2.002;2.266;2.317;2.38;2.473;2.608;2.794;3.055;3.403;3.823;4.369;5.08;;;;;;;;;;;;;;US
CR5001;5;Contour;5 Seat Bench;;2.196;2.546;2.616;2.701;2.826;3.005;3.251;3.601;4.066;4.626;5.356;6.301;;;;;;;;;;;;;;US
CR4401;8;Contour;4 Seat Sofa - Full Back;;2.651;3.003;3.071;3.155;3.279;3.459;3.707;4.055;4.519;5.079;5.807;6.755;;;;;;;;;;;;;;US
CR4403;9;Contour;4 Seats with Center Arms - Full Back;;2.651;3.003;3.071;3.155;3.279;3.459;3.707;4.055;4.519;5.079;5.807;6.755;;;;;;;;;;;;;;US
CR5401;10;Contour;5 Seat Sofa - Full Back;;3.3;3.74;3.825;3.93;4.085;4.31;4.62;5.055;5.635;6.335;7.245;8.43;;;;;;;;;;;;;;US
CR5403;11;Contour;5 Seats with Center Arms - Full Back;;3.3;3.74;3.825;3.93;4.085;4.31;4.62;5.055;5.635;6.335;7.245;8.43;;;;;;;;;;;;;;US
DS1101;1;Darsey;Guest Chair;;1.86;2.21;2.278;2.364;2.487;2.666;2.913;3.261;3.727;4.288;5.016;5.963;;;;402;402;;;467;;;222;;;US
DS1102;2;Darsey;Armless Guest Chair;;1.402;1.63;1.674;1.73;1.81;1.926;2.087;2.313;2.616;2.98;3.454;4.069;;;;;;;;;;;222;;;US
DS1401;3;Darsey;Bariatric Chair;;2.588;3.061;3.152;3.268;3.434;3.676;4.009;4.479;5.108;5.865;6.848;8.126;;;;402;402;;;467;;;222;;;US
DS1501;4;Darsey;Loveseat;;2.909;3.399;3.494;3.614;3.786;4.038;4.383;4.87;5.523;6.308;7.327;8.652;;;;402;402;;;467;;;222;;;US
DS1502;5;Darsey;Armless Loveseat;;2.384;2.752;2.823;2.913;3.042;3.231;3.49;3.855;4.344;4.933;5.698;6.692;;;;;;;;;;;222;;;US
DS1601;6;Darsey;Sofa;;3.711;4.464;4.609;4.794;5.058;5.444;5.974;6.722;7.724;8.93;10.496;12.531;;;;402;402;;;467;;;222;;;US
DS1602;7;Darsey;Armless Sofa;;3.181;3.776;3.891;4.037;4.246;4.551;4.971;5.562;6.354;7.308;8.546;10.155;;;;;;;;;;;222;;;US
DS2001;8;Darsey;2 Seat Bench;;1.481;1.656;1.69;1.733;1.795;1.884;2.008;2.182;2.415;2.695;3.059;3.533;;;;;;;;;;;222;;;US
DS3001;9;Darsey;3 Seat Bench;;1.918;2.198;2.252;2.321;2.419;2.563;2.76;3.039;3.412;3.86;4.443;5.2;;;;;;;;;;;222;;;US
DS0520;10;Darsey;End Table - Laminate;557;;;;;;;;;;;;;;;;;;;;;;;222;;;US
DS0521;11;Darsey;End Table - Solid Surface;1.119;;;;;;;;;;;;;;;;;;;;;;;222;;;US
DS0536;12;Darsey;Conversational Table;838;;;;;;;;;;;;;;;;;;;;;;;222;;;US
DS0080;13;Darsey;Personal Table;633;;;;;;;;;;;;;;;;;;;;;;;;;;US
FK1101;1;Franklin;Guest Chair;;698;792;810;832;865;913;978;1.071;1.195;1.344;1.538;1.79;;;;;;;;;;47;;;;US
FK1201;2;Franklin;Oversize Guest Chair;;801;906;927;953;989;1.043;1.117;1.222;1.361;1.53;1.748;2.032;;;;;;;;;;47;;;;US
FK1102;3;Franklin;Armless Guest Chair;;698;792;810;832;865;913;978;1.071;1.195;1.344;1.538;1.79;;;;;;;;;;47;;;;US
FK2101;4;Franklin;2 Seat Sofa;;1.351;1.539;1.575;1.619;1.685;1.781;1.911;2.097;2.345;2.643;3.031;3.535;;;;;;;;;;47;;;;US
FK2103;5;Franklin;2 Seats with Center Arm;;1.351;1.539;1.575;1.619;1.685;1.781;1.911;2.097;2.345;2.643;3.031;3.535;;;;;;;;;;47;;;;US
FK3101;6;Franklin;3 Seat Sofa;;2.007;2.289;2.343;2.409;2.508;2.652;2.847;3.126;3.498;3.945;4.527;5.283;;;;;;;;;;47;;;;US
FK3103;7;Franklin;3 Seats with Center Arms;;2.007;2.289;2.343;2.409;2.508;2.652;2.847;3.126;3.498;3.945;4.527;5.283;;;;;;;;;;47;;;;US
FK4101;8;Franklin;4 Seat Sofa;;2.659;3.035;3.107;3.195;3.327;3.519;3.779;4.151;4.647;5.243;6.019;7.027;;;;;;;;;;47;;;;US
FK4103;9;Franklin;4 Seats with Center Arms;;2.659;3.035;3.107;3.195;3.327;3.519;3.779;4.151;4.647;5.243;6.019;7.027;;;;;;;;;;47;;;;US
FK5101;10;Franklin;5 Seat Sofa;;3.312;3.782;3.872;3.982;4.147;4.387;4.712;5.177;5.797;6.542;7.512;8.772;;;;;;;;;;47;;;;US
FK5103;11;Franklin;5 Seats with Center Arms;;3.312;3.782;3.872;3.982;4.147;4.387;4.712;5.177;5.797;6.542;7.512;8.772;;;;;;;;;;47;;;;US
FK0620;14;Franklin;End Table;529;;;;;;;;;;;;;;;;;;;;;;;222;;;CN
FK0624;15;Franklin;Corner Table;626;;;;;;;;;;;;;;;;;;;;;;;222;;;US
FK0840;16;Franklin;Coffee Table;702;;;;;;;;;;;;;;;;;;;;;;;222;;;US
FT1101;1;Fremont;Guest Chair;;1.818;2.168;2.236;2.322;2.445;2.624;2.871;3.219;3.685;4.246;4.974;5.921;;;;240;240;;105;467;;;222;;;US
FT1104;2;Fremont;Guest Chair - Left Arm Only;;1.61;1.89;1.944;2.013;2.111;2.255;2.452;2.731;3.104;3.552;4.135;4.892;;;;120;120;;;467;;75;222;;;US
FT1105;3;Fremont;Guest Chair - Right Arm Only;;1.61;1.89;1.944;2.013;2.111;2.255;2.452;2.731;3.104;3.552;4.135;4.892;;;;120;120;;;467;;75;222;;;US
FT1102;4;Fremont;Armless Guest Chair;;1.349;1.559;1.6;1.652;1.725;1.833;1.981;2.19;2.469;2.806;3.243;3.811;;;;;;;;;;75;222;;;US
FT1401;5;Fremont;Bariatric Chair;;2.551;3.076;3.177;3.307;3.491;3.76;4.13;4.652;5.351;6.192;7.285;8.705;;;;240;240;;;467;;;222;;;US
FT1501;6;Fremont;Loveseat;;2.881;3.406;3.507;3.637;3.821;4.09;4.46;4.982;5.681;6.522;7.615;9.035;;;;240;240;;;467;;;222;;;US
FT1504;7;Fremont;Loveseat - Left Arm Only;;2.621;3.076;3.164;3.276;3.436;3.669;3.99;4.442;5.048;5.777;6.724;7.954;;;;120;120;;;467;;75;222;;;US
FT1505;8;Fremont;Loveseat - Right Arm Only;;2.621;3.076;3.164;3.276;3.436;3.669;3.99;4.442;5.048;5.777;6.724;7.954;;;;120;120;;;467;;75;222;;;US
FT1502;9;Fremont;Armless Loveseat;;2.36;2.745;2.82;2.914;3.049;3.247;3.518;3.901;4.414;5.03;5.832;6.873;;;;;;;;;;75;222;;;US
FT1601;10;Fremont;Sofa;;3.645;4.345;4.48;4.652;4.898;5.257;5.75;6.446;7.378;8.5;9.957;11.85;;;;240;240;;;467;;;222;;;US
FT1604;11;Fremont;Sofa - Left Arm Only;;3.385;4.015;4.137;4.292;4.513;4.836;5.28;5.906;6.745;7.754;9.065;10.769;;;;120;120;;;467;;75;222;;;US
FT1605;12;Fremont;Sofa - Right Arm Only;;3.385;4.015;4.137;4.292;4.513;4.836;5.28;5.906;6.745;7.754;9.065;10.769;;;;120;120;;;467;;75;222;;;US
FT1602;13;Fremont;Armless Sofa;;3.125;3.685;3.793;3.931;4.127;4.415;4.809;5.366;6.112;7.009;8.174;9.689;;;;;;;;;;75;222;;;US
FT2103;14;Fremont;2 Seats with Center Arm;;3.43;4.06;4.182;4.337;4.558;4.881;5.325;5.951;6.79;7.799;9.11;10.814;;;;360;360;;;467;;;222;;;US
FT3103;15;Fremont;3 Seats with Center Arms;;5.043;5.953;6.129;6.352;6.672;7.139;7.78;8.684;9.896;11.354;13.248;15.709;;;;480;480;;;467;;;222;;;US
FT4103;16;Fremont;4 Seats with Center Arms;;6.654;7.844;8.073;8.366;8.783;9.394;10.233;11.415;13;14.907;17.383;20.601;;;;600;600;;;467;;;222;;;US
FT1001;17;Fremont;Ottoman;;896;1.071;1.105;1.148;1.21;1.299;1.423;1.597;1.83;2.11;2.474;2.948;;;;;;;;;;75;222;;;US
FT2001;18;Fremont;2 Seat Bench;;1.41;1.655;1.703;1.763;1.849;1.975;2.147;2.391;2.717;3.11;3.619;4.282;;;;;;;;;;75;222;;;US
FT3001;19;Fremont;3 Seat Bench;;1.841;2.156;2.217;2.295;2.405;2.567;2.789;3.102;3.521;4.026;4.681;5.533;;;;;;;;;;75;222;;;US
FT6285;20;Fremont;Small Rectangular Table;;980;1.068;1.085;1.106;1.137;1.182;1.244;1.331;1.447;1.587;1.769;2.006;;;;;;;;;;75;222;;;US
FT6385;21;Fremont;Square Table;;1.318;1.441;1.465;1.495;1.538;1.601;1.687;1.809;1.972;2.168;2.423;2.754;;;;;;;;;;75;222;;;US
FT6485;22;Fremont;Large Rectangular Table;;1.916;2.126;2.167;2.219;2.292;2.4;2.548;2.757;3.036;3.373;3.81;4.378;;;;;;;;;;75;222;;;US
FT6030;23;Fremont;Wedge Table - 30 Degree ;;1.301;1.424;1.448;1.478;1.521;1.584;1.67;1.792;1.955;2.151;2.406;2.737;;;;;;;;;;75;222;;;US
FT6045;24;Fremont;Wedge Table - 45 Degree ;;1.423;1.563;1.59;1.625;1.674;1.746;1.844;1.984;2.17;2.394;2.686;3.064;;;;;;;;;;75;222;;;US
FT0090;25;Fremont;Ganging Brackets - Set of 2;75;;;;;;;;;;;;;;;;;;;;;;;;;;CN
GN1101;1;Gansett;Guest Chair;;776;870;888;910;943;991;1.056;1.149;1.273;1.422;1.616;1.868;68;;68;166;;166;;;;47;;;;US
GN1102;2;Gansett;Armless Guest Chair;;776;870;888;910;943;991;1.056;1.149;1.273;1.422;1.616;1.868;;;;;;;;;;47;;;;US
GN1201;3;Gansett;Oversize Guest Chair;;875;998;1.022;1.052;1.095;1.158;1.244;1.366;1.529;1.725;1.98;2.311;68;;68;166;;166;;;;47;;;;US
GN1401;4;Gansett;Bariatric Chair ;;1.194;1.369;1.403;1.446;1.508;1.597;1.721;1.895;2.128;2.408;2.772;3.246;68;;68;166;;166;;;;47;;;;US
GN1501;5;Gansett;Loveseat;;1.322;1.515;1.552;1.599;1.667;1.766;1.901;2.093;2.349;2.657;3.058;3.579;68;;68;166;;166;;;;47;;;;US
GN1171;6;Gansett;Rocker;;890;984;1.002;1.024;1.057;1.105;1.17;1.263;1.387;1.536;1.73;1.982;68;;68;166;;166;;;;;;;;US
GN2001;7;Gansett;2 Seat Bench;;1.019;1.177;1.207;1.246;1.301;1.382;1.493;1.65;1.859;2.112;2.439;2.865;68;;68;166;;166;;;;;;;;US
GN3001;8;Gansett;3 Seat Bench;;1.289;1.499;1.54;1.592;1.665;1.773;1.921;2.13;2.409;2.746;3.183;3.751;68;;68;166;;166;;;;;;;;US
GN0620;9;Gansett;End Table - Laminate;506;;;;;;;;;;;;;;;;;;;;;;;222;;;CN
GN0621;10;Gansett;End Table - Solid Surface;935;;;;;;;;;;;;;;;;;;;;;;;222;;;US
GN0840;11;Gansett;Coffee Table - Laminate;698;;;;;;;;;;;;;;;;;;;;;;;222;;;CN
GN0841;12;Gansett;Coffee Table - Solid Surface;1.469;;;;;;;;;;;;;;;;;;;;;;;222;;;US
GN0090;13;Gansett;Ganging Brackets - Set of 2;47;;;;;;;;;;;;;;;;;;;;;;;;;;CN
HF1101;1;Hartford;Guest Chair;;849;943;961;983;1.016;1.064;1.129;1.222;1.346;1.495;1.689;1.941;;;;;;;51;;;47;;;;US
HF1102;3;Hartford;Armless Guest Chair;;849;943;961;983;1.016;1.064;1.129;1.222;1.346;1.495;1.689;1.941;;;;;;;;;;47;;;;US
HF2101;4;Hartford;2 Seat Sofa;;1.64;1.828;1.864;1.908;1.974;2.07;2.2;2.386;2.634;2.932;3.32;3.824;;;;;;;;;;47;;;;US
HF2103;5;Hartford;2 Seats with Center Arm;;1.64;1.828;1.864;1.908;1.974;2.07;2.2;2.386;2.634;2.932;3.32;3.824;;;;;;;;;;47;;;;US
HF3101;6;Hartford;3 Seat Sofa;;2.433;2.715;2.769;2.835;2.934;3.078;3.273;3.552;3.924;4.371;4.953;5.709;;;;;;;;;;47;;;;US
HF3103;7;Hartford;3 Seats with Center Arms;;2.433;2.715;2.769;2.835;2.934;3.078;3.273;3.552;3.924;4.371;4.953;5.709;;;;;;;;;;47;;;;US
HF4101;8;Hartford;4 Seat Sofa;;3.226;3.602;3.674;3.762;3.894;4.086;4.346;4.718;5.214;5.81;6.586;7.594;;;;;;;;;;47;;;;US
HF4103;9;Hartford;4 Seats with Center Arms;;3.226;3.602;3.674;3.762;3.894;4.086;4.346;4.718;5.214;5.81;6.586;7.594;;;;;;;;;;47;;;;US
HF5101;10;Hartford;5 Seat Sofa;;4.019;4.489;4.579;4.689;4.854;5.094;5.419;5.884;6.504;7.249;8.219;9.479;;;;;;;;;;47;;;;US
HF5103;11;Hartford;5 Seats with Center Arms;;4.019;4.489;4.579;4.689;4.854;5.094;5.419;5.884;6.504;7.249;8.219;9.479;;;;;;;;;;47;;;;US
HF0620;14;Hartford;End Table;529;;;;;;;;;;;;;;;;;;;;;;;222;;;CN
HF0624;15;Hartford;Corner Table;626;;;;;;;;;;;;;;;;;;;;;;;222;;;US
HF0840;16;Hartford;Coffee Table;702;;;;;;;;;;;;;;;;;;;;;;;222;;;US
LS1101;1;Lenox Steel;Guest Chair;;626;714;731;752;783;828;890;977;1.093;1.233;1.415;1.652;68;;68;166;;166;;;;47;;;;US
LS1102;2;Lenox Steel;Armless Guest Chair;;626;714;731;752;783;828;890;977;1.093;1.233;1.415;1.652;;;;;;;;;;47;;;;US
LS1201;3;Lenox Steel;Oversize Guest Chair;;733;838;859;885;921;975;1.049;1.154;1.293;1.462;1.68;1.964;68;;68;166;;166;;;;47;;;;US
LS1401;4;Lenox Steel;Bariatric Chair;;1.269;1.462;1.499;1.546;1.614;1.713;1.848;2.04;2.296;2.604;3.005;3.526;68;;68;166;;166;;;;47;;;;US
LS1161;5;Lenox Steel;Hip Chair - Guest;;821;909;926;947;978;1.023;1.085;1.172;1.288;1.428;1.61;1.847;68;;68;166;;166;;;;47;;;;US
LS1261;6;Lenox Steel;Hip Chair - Oversize;;894;999;1.02;1.046;1.082;1.136;1.21;1.315;1.454;1.623;1.841;2.125;68;;68;166;;166;;;;47;;;;US
LS2101;7;Lenox Steel;2 Seat Sofa;;1.208;1.384;1.418;1.46;1.522;1.612;1.736;1.91;2.142;2.422;2.786;3.26;68;;68;166;;166;;;;47;;;;US
LS2103;8;Lenox Steel;2 Seats with Center Arm;;1.208;1.384;1.418;1.46;1.522;1.612;1.736;1.91;2.142;2.422;2.786;3.26;102;;102;249;;249;;;;47;;;;US
LS3101;9;Lenox Steel;3 Seat Sofa;;1.79;2.054;2.105;2.168;2.261;2.396;2.582;2.843;3.191;3.611;4.157;4.868;68;;68;166;;166;;;;47;;;;US
LS3103;10;Lenox Steel;3 Seats with Center Arms;;1.79;2.054;2.105;2.168;2.261;2.396;2.582;2.843;3.191;3.611;4.157;4.868;136;;136;332;;332;;;;47;;;;US
LS4101;11;Lenox Steel;4 Seat Sofa;;2.37;2.722;2.79;2.874;2.998;3.178;3.426;3.774;4.238;4.798;5.526;6.474;68;;68;166;;166;;;;47;;;;US
LS4103;12;Lenox Steel;4 Seats with Center Arms;;2.37;2.722;2.79;2.874;2.998;3.178;3.426;3.774;4.238;4.798;5.526;6.474;170;;170;415;;415;;;;47;;;;US
LS5101;13;Lenox Steel;5 Seat Sofa;;2.951;3.391;3.476;3.581;3.736;3.961;4.271;4.706;5.286;5.986;6.896;8.081;68;;68;166;;166;;;;47;;;;US
LS5103;14;Lenox Steel;5 Seats with Center Arms;;2.951;3.391;3.476;3.581;3.736;3.961;4.271;4.706;5.286;5.986;6.896;8.081;204;;204;498;;498;;;;47;;;;US
LS2201;15;Lenox Steel;2 Chairs with Connecting Center Table;;1.61;1.786;1.82;1.862;1.924;2.014;2.138;2.312;2.544;2.824;3.188;3.662;136;;136;332;;332;;;;47;222;;;US
LS2301;16;Lenox Steel;2 Chairs with Connecting Corner Table;;1.801;1.977;2.011;2.053;2.115;2.205;2.329;2.503;2.735;3.015;3.379;3.853;136;;136;332;;332;;;;47;222;;;US
LS2001;17;Lenox Steel;2 Seat Bench;;949;1.072;1.096;1.126;1.169;1.232;1.318;1.44;1.603;1.799;2.054;2.385;;;;;;;;;;;;;;US
LS3001;18;Lenox Steel;3 Seat Bench;;1.286;1.444;1.474;1.513;1.568;1.649;1.76;1.917;2.126;2.379;2.706;3.132;;;;;;;;;;;;;;US
LS0620;19;Lenox Steel;End Table - Laminate;511;;;;;;;;;;;;;;;;;;;;;;;222;;;CN
LS0621;20;Lenox Steel;End Table - Solid Surface;941;;;;;;;;;;;;;;;;;;;;;;;222;;;US
LS0840;21;Lenox Steel;Coffee Table - Laminate;687;;;;;;;;;;;;;;;;;;;;;;;222;;;CN
LS0841;22;Lenox Steel;Coffee Table - Solid Surface;1.456;;;;;;;;;;;;;;;;;;;;;;;222;;;US
LS0020;23;Lenox Steel;Connecting Center Table;355;;;;;;;;;;;;;;;;;;;;;;;;;;US
LS0030;24;Lenox Steel;Connecting Corner Table;546;;;;;;;;;;;;;;;;;;;;;;;;;;US
LW1101;1;Lenox Wood;Guest Chair;;630;718;735;756;787;832;894;981;1.097;1.237;1.419;1.656;68;;68;166;;166;;;;47;;;;US
LW1201;2;Lenox Wood;Oversize Guest Chair;;741;846;867;893;929;983;1.057;1.162;1.301;1.47;1.688;1.972;68;;68;166;;166;;;;47;;;;US
LW1102;3;Lenox Wood;Armless Guest Chair;;630;718;735;756;787;832;894;981;1.097;1.237;1.419;1.656;;;;;;;;;;47;;;;US
LW2101;4;Lenox Wood;2 Seat Sofa;;1.214;1.39;1.424;1.466;1.528;1.618;1.742;1.916;2.148;2.428;2.792;3.266;68;;68;166;;166;;;;47;;;;US
LW2103;5;Lenox Wood;2 Seats with Center Arm;;1.214;1.39;1.424;1.466;1.528;1.618;1.742;1.916;2.148;2.428;2.792;3.266;102;;102;249;;249;;;;47;;;;US
LW3101;6;Lenox Wood;3 Seat Sofa;;1.801;2.065;2.116;2.179;2.272;2.407;2.593;2.854;3.202;3.622;4.168;4.879;68;;68;166;;166;;;;47;;;;US
LW3103;7;Lenox Wood;3 Seats with Center Arms;;1.801;2.065;2.116;2.179;2.272;2.407;2.593;2.854;3.202;3.622;4.168;4.879;136;;136;332;;332;;;;47;;;;US
LW4101;8;Lenox Wood;4 Seat Sofa;;2.387;2.739;2.807;2.891;3.015;3.195;3.443;3.791;4.255;4.815;5.543;6.491;68;;68;166;;166;;;;47;;;;US
LW4103;9;Lenox Wood;4 Seats with Center Arms;;2.387;2.739;2.807;2.891;3.015;3.195;3.443;3.791;4.255;4.815;5.543;6.491;170;;170;415;;415;;;;47;;;;US
LW5101;10;Lenox Wood;5 Seat Sofa;;2.972;3.412;3.497;3.602;3.757;3.982;4.292;4.727;5.307;6.007;6.917;8.102;68;;68;166;;166;;;;47;;;;US
LW5103;11;Lenox Wood;5 Seats with Center Arms;;2.972;3.412;3.497;3.602;3.757;3.982;4.292;4.727;5.307;6.007;6.917;8.102;204;;204;498;;498;;;;47;;;;US
LW2211;12;Lenox Wood;2 Chairs with Laminate Center Table;;1.5;1.676;1.71;1.752;1.814;1.904;2.028;2.202;2.434;2.714;3.078;3.552;136;;136;332;;332;;;;47;222;;;US
LW2311;13;Lenox Wood;2 Chairs with Laminate Corner Table;;1.671;1.847;1.881;1.923;1.985;2.075;2.199;2.373;2.605;2.885;3.249;3.723;136;;136;332;;332;;;;47;222;;;US
LW1001;16;Lenox Wood;1 Seat Bench;;471;541;555;572;597;632;682;752;845;957;1.103;1.292;;;;;;;;;;;;;;US
LW2001;17;Lenox Wood;2 Seat Bench;;910;1.05;1.078;1.112;1.162;1.234;1.332;1.472;1.658;1.882;2.174;2.552;;;;;;;;;;;;;;US
LW3001;18;Lenox Wood;3 Seat Bench;;1.35;1.56;1.602;1.653;1.728;1.836;1.983;2.193;2.472;2.808;3.246;3.813;;;;;;;;;;;;;;US
LW4001;19;Lenox Wood;4 Seat Bench;;1.791;2.071;2.127;2.195;2.295;2.439;2.635;2.915;3.287;3.735;4.319;5.075;;;;;;;;;;;;;;US
LW5001;20;Lenox Wood;5 Seat Bench;;2.23;2.58;2.65;2.735;2.86;3.039;3.285;3.635;4.1;4.66;5.39;6.335;;;;;;;;;;;;;;US
LW0620;21;Lenox Wood;End Table - Solid Wood;539;;;;;;;;;;;;;;;;;;;;;;;222;;;CN
LW0621;22;Lenox Wood;End Table - Laminate Top;414;;;;;;;;;;;;;;;;;;;;;;;222;;;CN
LW0624;23;Lenox Wood;Corner Table - Solid Wood ;644;;;;;;;;;;;;;;;;;;;;;;;222;;;CN
LW0625;24;Lenox Wood;Corner Table - Laminate Top;515;;;;;;;;;;;;;;;;;;;;;;;222;;;CN
LW0840;25;Lenox Wood;Coffee Table - Solid Wood ;718;;;;;;;;;;;;;;;;;;;;;;;222;;;US
LW0841;26;Lenox Wood;Coffee Table - Laminate Top;596;;;;;;;;;;;;;;;;;;;;;;;222;;;US
LW0021;28;Lenox Wood;Connecting Center Table - Laminate;236;;;;;;;;;;;;;;;;;;;;;;;;;;US
LW0031;30;Lenox Wood;Connecting Corner Table - Laminate;404;;;;;;;;;;;;;;;;;;;;;;;;;;US
LX1101;1;Luxe;Guest Chair;;1.877;2.227;2.295;2.381;2.504;2.683;2.93;3.278;3.744;4.305;5.033;5.98;;;;232;232;;;467;;;222;;;US
LX1102;2;Luxe;Armless Guest Chair;;1.422;1.65;1.694;1.75;1.83;1.946;2.107;2.333;2.636;3;3.474;4.089;;;;;;;;;;;222;;;US
LX1401;3;Luxe;Bariatric Chair ;;2.593;3.118;3.219;3.349;3.533;3.802;4.172;4.694;5.393;6.234;7.327;8.747;;;;232;232;;;467;;;222;;;US
LX1501;4;Luxe;Loveseat;;2.999;3.524;3.625;3.755;3.939;4.208;4.578;5.1;5.799;6.64;7.733;9.153;;;;232;232;;;467;;;222;;;US
LX1502;5;Luxe;Armless Loveseat;;2.456;2.859;2.936;3.035;3.177;3.383;3.667;4.067;4.603;5.248;6.085;7.174;;;;;;;;;;;222;;;US
LX1601;6;Luxe;Sofa;;3.786;4.486;4.621;4.793;5.039;5.398;5.891;6.587;7.519;8.641;10.098;11.991;;;;232;232;;;467;;;222;;;US
LX1602;7;Luxe;Armless Sofa;;3.246;3.841;3.956;4.102;4.311;4.616;5.036;5.627;6.419;7.373;8.611;10.22;;;;;;;;;;;222;;;US
LX2001;8;Luxe;2 Seat Bench;;1.435;1.68;1.728;1.788;1.874;2;2.172;2.416;2.742;3.135;3.644;4.307;;;;;;;;;;;222;;;US
LX3001;9;Luxe;3 Seat Bench;;1.871;2.186;2.247;2.325;2.435;2.597;2.819;3.132;3.551;4.056;4.711;5.563;;;;;;;;;;;222;;;US
LX0524;11;Luxe;End Table - Laminate;567;;;;;;;;;;;;;;;;;;;;;;;222;;;CN
LX0525;11;Luxe;End Table - Solid Surface;1.129;;;;;;;;;;;;;;;;;;;;;;;222;;;US
LX0530;12;Luxe;"Conversational Table - 30"" Round";717;;;;;;;;;;;;;;;;;;;;;;;222;;;US
LX0536;13;Luxe;"Conversational Table - 36"" Round";829;;;;;;;;;;;;;;;;;;;;;;;222;;;US
LX0080;14;Luxe;Personal Table;632;;;;;;;;;;;;;;;;;;;;;;;;;;US
UV0090;0;Misc;Universal Ganging Brackets - Set of 2;47;;;;;;;;;;;;;;;;;;;;;;;;;;CN
PWC5;0;Misc;AC Power & USB Charging Unit for Chairs;222;;;;;;;;;;;;;;;;;;;;;;;;;;CN
PWT7;0;Misc;AC Power & USB Charging Unit for Tables;222;;;;;;;;;;;;;;;;;;;;;;;;;;CN
MT5136;1;Mystic Conference;"Round Table 36""";1.082;;;;;;;;;;;;;;;;;;;114;;;;222;;138;US
MT5142;2;Mystic Conference;"Round Table 42"" ";1.284;;;;;;;;;;;;;;;;;;;114;;;;222;;138;US
MT5148;3;Mystic Conference;"Round Table 48"" ";1.34;;;;;;;;;;;;;;;;;;;114;;;;222;;217;US
MT6136;13;Mystic Conference;"Square Table 36"" ";1.065;;;;;;;;;;;;;;;;;;;114;;;;222;;138;US
MT6142;14;Mystic Conference;"Square Table 42"" ";1.261;;;;;;;;;;;;;;;;;;;114;;;;222;;138;US
MT6148;15;Mystic Conference;"Square Table 48"" ";1.323;;;;;;;;;;;;;;;;;;;114;;;;222;;217;US
MT8160;25;Mystic Conference;"Rectangular Table 36x60"" ";1.682;;;;;;;;;;;;;;;;;;;;;;;222;;357;US
MT8172;26;Mystic Conference;"Rectangular Table 36x72""";1.759;;;;;;;;;;;;;;;;;;;;;;;222;;417;US
MG1101;1;Mystic Guest;Guest Chair - Standard Back;;693;787;805;827;860;908;973;1.066;1.19;1.339;1.533;1.785;66;66;;450;450;;70;;;;;;;US
MG1102;2;Mystic Guest;Armless Guest Chair - Standard Back;;655;749;767;789;822;870;935;1.028;1.152;1.301;1.495;1.747;;;;;;;70;;;;;;;US
MG1201;3;Mystic Guest;Oversize Guest Chair - Standard Back;;802;925;949;979;1.022;1.085;1.171;1.293;1.456;1.652;1.907;2.238;66;66;;450;450;;70;;;;;;;US
MG1401;4;Mystic Guest;Bariatric Chair - Standard Back;;1.091;1.284;1.321;1.368;1.436;1.535;1.67;1.862;2.118;2.426;2.827;3.348;66;66;;450;450;;;;;;;;;US
MG2101;5;Mystic Guest;2 Seat Sofa - Standard Back;;1.333;1.521;1.557;1.601;1.667;1.763;1.893;2.079;2.327;2.625;3.013;3.517;66;66;;450;450;;;;;;;;;US
MG2102;6;Mystic Guest;2 Seat Sofa - Armless - Standard Back;;1.293;1.481;1.517;1.561;1.627;1.723;1.853;2.039;2.287;2.585;2.973;3.477;;;;;;;;;;;;;;US
MG2103;7;Mystic Guest;2 Seats with Center Arm - Standard Back;;1.373;1.561;1.597;1.641;1.707;1.803;1.933;2.119;2.367;2.665;3.053;3.557;99;99;;675;675;;;;;;;;;US
MG3101;8;Mystic Guest;3 Seat Sofa - Standard Back;;1.971;2.253;2.307;2.373;2.472;2.616;2.811;3.09;3.462;3.909;4.491;5.247;66;66;;450;450;;;;;;;;;US
MG3103;9;Mystic Guest;3 Seats with Center Arms - Standard Back;;2.051;2.333;2.387;2.453;2.552;2.696;2.891;3.17;3.542;3.989;4.571;5.327;132;132;;900;900;;;;;;;;;US
MG4101;10;Mystic Guest;4 Seat Sofa - Standard Back;;2.612;2.988;3.06;3.148;3.28;3.472;3.732;4.104;4.6;5.196;5.972;6.98;66;66;;450;450;;;;;;;;;US
MG4103;11;Mystic Guest;4 Seats with Center Arms - Standard Back;;2.73;3.106;3.178;3.266;3.398;3.59;3.85;4.222;4.718;5.314;6.09;7.098;165;165;;1125;1125;;;;;;;;;US
MG5101;12;Mystic Guest;5 Seat Sofa - Standard Back;;3.25;3.72;3.81;3.92;4.085;4.325;4.65;5.115;5.735;6.48;7.45;8.71;66;66;;450;450;;;;;;;;;US
MG5103;13;Mystic Guest;5 Seats with Center Arms - Standard Back;;3.408;3.878;3.968;4.078;4.243;4.483;4.808;5.273;5.893;6.638;7.608;8.868;198;198;;1350;1350;;;;;;;;;US
MG2201;14;Mystic Guest;2 Chairs with Center Table - Standard Back;;1.739;1.927;1.963;2.007;2.073;2.169;2.299;2.485;2.733;3.031;3.419;3.923;132;132;;900;900;;;;;;222;;;US
MG2301;15;Mystic Guest;2 Chairs with Corner Table - Standard Back;;1.94;2.128;2.164;2.208;2.274;2.37;2.5;2.686;2.934;3.232;3.62;4.124;132;132;;900;900;;;;;;222;;;US
MG1121;16;Mystic Guest;Guest Chair - Split Back;;772;886;908;936;976;1.034;1.115;1.228;1.379;1.561;1.798;2.106;66;66;;450;450;;70;;;;;;;US
MG1221;17;Mystic Guest;Oversize Guest Chair - Split Back;;883;1.023;1.05;1.085;1.134;1.206;1.304;1.444;1.63;1.854;2.146;2.524;66;66;;450;450;;70;;;;;;;US
MG1122;18;Mystic Guest;Armless Guest Chair - Split Back;;736;850;872;900;940;998;1.079;1.192;1.343;1.525;1.762;2.07;;;;;;;70;;;;;;;US
MG1421;19;Mystic Guest;Bariatric Chair - Split Back;;1.162;1.39;1.434;1.49;1.57;1.686;1.847;2.073;2.376;2.74;3.214;3.829;66;66;;450;450;;;;;;;;;US
MG2121;20;Mystic Guest;2 Seat Sofa - Split Back;;1.494;1.722;1.766;1.822;1.902;2.018;2.18;2.406;2.708;3.072;3.546;4.162;66;66;;450;450;;;;;;;;;US
MG2122;21;Mystic Guest;2 Seat Sofa - Armless - Split Back;;1.454;1.682;1.726;1.782;1.862;1.978;2.14;2.366;2.668;3.032;3.506;4.122;;;;;;;;;;;;;;US
MG2123;22;Mystic Guest;2 Seats with Center Arm - Split Back;;1.529;1.757;1.801;1.857;1.937;2.053;2.215;2.441;2.743;3.107;3.581;4.197;99;99;;675;675;;;;;;;;;US
MG3121;23;Mystic Guest;3 Seat Sofa - Split Back;;2.214;2.556;2.622;2.706;2.826;3;3.243;3.582;4.035;4.581;5.292;6.216;66;66;;450;450;;;;;;;;;US
MG3123;24;Mystic Guest;3 Seats with Center Arms - Split Back;;2.288;2.63;2.696;2.78;2.9;3.074;3.317;3.656;4.109;4.655;5.366;6.29;132;132;;900;900;;;;;;;;;US
MG4121;25;Mystic Guest;4 Seat Sofa - Split Back;;2.935;3.391;3.479;3.591;3.751;3.983;4.307;4.759;5.363;6.091;7.039;8.271;66;66;;450;450;;;;;;;;;US
MG4123;26;Mystic Guest;4 Seats with Center Arms - Split Back;;3.045;3.501;3.589;3.701;3.861;4.093;4.417;4.869;5.473;6.201;7.149;8.381;165;165;;1125;1125;;;;;;;;;US
MG5121;27;Mystic Guest;5 Seat Sofa - Split Back;;3.656;4.226;4.336;4.476;4.676;4.966;5.371;5.936;6.691;7.601;8.786;10.326;66;66;;450;450;;;;;;;;;US
MG5123;28;Mystic Guest;5 Seats with Center Arms - Split Back;;3.801;4.371;4.481;4.621;4.821;5.111;5.516;6.081;6.836;7.746;8.931;10.471;198;198;;1350;1350;;;;;;;;;US
MG2221;29;Mystic Guest;2 Chairs with Center Table - Split  Back;;1.897;2.125;2.169;2.225;2.305;2.421;2.583;2.809;3.111;3.475;3.949;4.565;132;132;;900;900;;;;;;222;;;US
MG2321;30;Mystic Guest;2 Chairs with Corner Table - Split Back;;2.098;2.326;2.37;2.426;2.506;2.622;2.784;3.01;3.312;3.676;4.15;4.766;132;132;;900;900;;;;;;222;;;US
MG1001;31;Mystic Guest;1 Seat Bench;;505;575;589;606;631;667;716;786;879;991;1.137;1.326;;;;;;;;;;;;;;US
MG1002;32;Mystic Guest;Scooter;;579;649;663;680;705;741;790;860;953;1.065;1.211;1.4;;;;;;; -   ;;;;;;;US
MG2001;33;Mystic Guest;2 Seat Bench;;780;885;906;932;968;1.022;1.096;1.201;1.34;1.509;1.727;2.011;;;;;;;;;;;;;;US
MG3001;34;Mystic Guest;3 Seat Bench;;1.084;1.242;1.272;1.311;1.366;1.447;1.558;1.715;1.924;2.177;2.504;2.93;;;;;;;;;;;;;;US
MG0620;35;Mystic Guest;End Table - Laminate;479;;;;;;;;;;;;;;;;;;;;;;;222;;;CN
MG0621;36;Mystic Guest;End Table - Solid Surface;908;;;;;;;;;;;;;;;;;;;;;;;222;;;US
MG0840;37;Mystic Guest;Coffee Table - Laminate;669;;;;;;;;;;;;;;;;;;;;;;;222;;;US
MG0841;38;Mystic Guest;Coffee Table - Solid Surface;1.44;;;;;;;;;;;;;;;;;;;;;;;222;;;US
MG0020;40;Mystic Guest;Connecting Center Table;345;;;;;;;;;;;;;;;;;;;;;;;;;;US
MG0030;41;Mystic Guest;Connecting Corner Table;545;;;;;;;;;;;;;;;;;;;;;;;;;;US
MG0090;42;Mystic Guest;Ganging Brackets - Set of 2;  ;  ;  ;  ;  ;  ;  ;  ;  ;  ;  ;  ;  ;;;;;;;;;;;;;;CN
ML1101;1;Mystic Lounge;Guest Chair;;1.253;1.498;1.546;1.606;1.692;1.818;1.99;2.234;2.56;2.953;3.462;4.125;;;;;;;;;;;;;;US
ML1401;2;Mystic Lounge;Bariatric Chair;;2.035;2.315;2.369;2.438;2.536;2.68;2.877;3.156;3.529;3.977;4.56;5.317;;;;;;;;;;;;;;US
ML1501;3;Mystic Lounge;Loveseat;;1.9;2.25;2.318;2.404;2.527;2.706;2.953;3.301;3.767;4.328;5.056;6.003;;;;;;;;;;;;;;US
ML1601;4;Mystic Lounge;Sofa;;2.748;3.168;3.249;3.353;3.5;3.715;4.011;4.429;4.988;5.661;6.535;7.671;;;;;;;;;;;;;;US
ML2001;5;Mystic Lounge;2 Seat Bench;;780;885;906;932;968;1.022;1.096;1.201;1.34;1.509;1.727;2.011;;;;;;;;;;;;;;US
ML3001;6;Mystic Lounge;3 Seat Bench;;1.084;1.242;1.272;1.311;1.366;1.447;1.558;1.715;1.924;2.177;2.504;2.93;;;;;;;;;;;;;;US
ML6116;7;Mystic Lounge;"Laminate Cylinder Table - 16"" Tall";772;;;;;;;;;;;;;;;;;;;;;;;222;;;US
ML6216;8;Mystic Lounge;"Laminate Cylinder Table Solid Surface Top - 16"" Tall";1.157;;;;;;;;;;;;;;;;;;;;;;;222;;;US
ML6120;9;Mystic Lounge;"Laminate Cylinder Table - 20"" Tall";852;;;;;;;;;;;;;;;;;;;;;;;222;;;US
ML6220;10;Mystic Lounge;"Laminate Cylinder Table Solid Surface Top - 20"" Tall";1.231;;;;;;;;;;;;;;;;;;;;;;;222;;;US
ML6316;11;Mystic Lounge;"Laminate Cube Table - 16"" Tall";815;;;;;;;;;;;;;;;;;;;;;;;222;;;US
ML6416;12;Mystic Lounge;"Laminate Cube Table Solid Surface Top - 16"" Tall";1.209;;;;;;;;;;;;;;;;;;;;;;;222;;;US
ML6320;13;Mystic Lounge;"Laminate Cube Table - 20"" Tall";917;;;;;;;;;;;;;;;;;;;;;;;222;;;US
ML6420;14;Mystic Lounge;"Laminate Cube Table Solid Surface Top - 20"" Tall";1.313;;;;;;;;;;;;;;;;;;;;;;;222;;;US
ML0620;15;Mystic Lounge;End Table - Laminate;479;;;;;;;;;;;;;;;;;;;;;;;222;;;CN
ML0621;16;Mystic Lounge;End Table - Solid Surface;908;;;;;;;;;;;;;;;;;;;;;;;222;;;US
ML0840;17;Mystic Lounge;Coffee Table - Laminate;669;;;;;;;;;;;;;;;;;;;;;;;222;;;US
ML0841;18;Mystic Lounge;Coffee Table - Solid Surface;1.44;;;;;;;;;;;;;;;;;;;;;;;222;;;US
MT8110;33;Mystic Utility;"Rectangular Table 20x48"" ";927;;;;;;;;;;;;;;;;;;;114;;;;222;;117;US
MT8120;34;Mystic Utility;"Rectangular Table 20x60"" ";1.065;;;;;;;;;;;;;;;;;;;114;;;;222;;190;US
NP1101;1;Newport;Guest Chair;;680;774;792;814;847;895;960;1.053;1.177;1.326;1.52;1.772;68;;68;228;;228;;;;47;;;;US
NP1201;2;Newport;Oversize Guest Chair;;784;907;931;961;1.004;1.067;1.153;1.275;1.438;1.634;1.889;2.22;68;;68;228;;228;;;;47;;;;US
NP1401;3;Newport;Bariatric Chair;;1.101;1.276;1.31;1.353;1.415;1.504;1.628;1.802;2.035;2.315;2.679;3.153;68;;68;228;;228;;;;47;;;;US
NP1501;4;Newport;Loveseat;;1.286;1.479;1.516;1.563;1.631;1.73;1.865;2.057;2.313;2.621;3.022;3.543;68;;68;228;;228;;;;47;;;;US
NP1161;5;Newport;Hip Chair - Guest;;870;964;982;1.004;1.037;1.085;1.15;1.243;1.367;1.516;1.71;1.962;68;;68;228;;228;;;;47;;;;US
NP1261;6;Newport;Hip Chair - Oversize;;978;1.101;1.125;1.155;1.198;1.261;1.347;1.469;1.632;1.828;2.083;2.414;68;;68;228;;228;;;;47;;;;US
NP2201;7;Newport;2 Chairs with Connecting Center Table;;1.719;1.907;1.943;1.987;2.053;2.149;2.279;2.465;2.713;3.011;3.399;3.903;136;;136;456;;456;;;;47;222;;;US
NP2301;8;Newport;2 Chairs with Connecting Corner Table;;1.918;2.106;2.142;2.186;2.252;2.348;2.478;2.664;2.912;3.21;3.598;4.102;136;;136;456;;456;;;;47;222;;;US
NP2001;9;Newport;2 Seat Bench;;895;1.018;1.042;1.072;1.115;1.178;1.264;1.386;1.549;1.745;2;2.331;;;;;;;;;;;;;;US
NP3001;10;Newport;3 Seat Bench;;1.21;1.368;1.398;1.437;1.492;1.573;1.684;1.841;2.05;2.303;2.63;3.056;;;;;;;;;;;;;;US
NP0620;11;Newport;End Table - Laminate;519;;;;;;;;;;;;;;;;;;;;;;;222;;;CN
NP0621;12;Newport;End Table - Solid Surface;951;;;;;;;;;;;;;;;;;;;;;;;222;;;US
NP0840;13;Newport;Coffee Table - Laminate;711;;;;;;;;;;;;;;;;;;;;;;;222;;;CN
NP0841;14;Newport;Coffee Table - Solid Surface;1.48;;;;;;;;;;;;;;;;;;;;;;;222;;;US
NP0020;15;Newport;Connecting Center Table;356;;;;;;;;;;;;;;;;;;;;;;;;;;US
NP0030;16;Newport;Connecting Corner Table;557;;;;;;;;;;;;;;;;;;;;;;;;;;US
NP0090;17;Newport;Ganging Brackets - Set of 2;47;;;;;;;;;;;;;;;;;;;;;;;;;;CN
PL0018;1;Pillows;"Pillow - Large 18 x 18""";;238;309;322;339;364;399;449;519;612;724;870;1.059;;;;;;;;;;;;;;US
PL0128;2;Pillows;"Pillow - Small 12 x 18""";;227;281;291;303;322;349;385;438;509;592;701;843;;;;;;;;;;;;;;US
RV1101;1;Ravenna;Guest Chair;;1.632;1.982;2.05;2.136;2.259;2.438;2.685;3.033;3.499;4.06;4.788;5.735;;;;;;;105;467;;;222;;;US
RV1201;2;Ravenna;Oversize Guest Chair;;1.845;2.265;2.346;2.45;2.597;2.812;3.108;3.526;4.085;4.758;5.632;6.768;;;;;;;105;467;;;222;;;US
RV1102;3;Ravenna;Armless Guest Chair;;1.182;1.392;1.433;1.485;1.558;1.666;1.814;2.023;2.302;2.639;3.076;3.644;;;;;;;105;;;;222;;;US
RV1202;4;Ravenna;Armless Oversize Guest Chair;;1.4;1.68;1.734;1.803;1.901;2.045;2.242;2.521;2.894;3.342;3.925;4.682;;;;;;;105;;;;222;;;US
RV1501;5;Ravenna;Loveseat;;2.503;2.993;3.088;3.208;3.38;3.632;3.977;4.464;5.117;5.902;6.921;8.246;;;;;;;;467;;;222;;;US
RV1502;6;Ravenna;Armless Loveseat;;2.057;2.407;2.475;2.561;2.684;2.863;3.11;3.458;3.924;4.485;5.213;6.16;;;;;;;;;;;222;;;US
RV2101;7;Ravenna;2 Seat Sofa;;2.817;3.377;3.485;3.623;3.819;4.107;4.501;5.058;5.804;6.701;7.866;9.381;;;;;;;;467;;;222;;;US
RV2102;8;Ravenna;2 Seat Sofa - Armless;;2.366;2.786;2.867;2.971;3.118;3.333;3.629;4.047;4.606;5.279;6.153;7.289;;;;;;;;;;;222;;;US
RV2103;9;Ravenna;2 Seats with Center Arm;;3.022;3.652;3.774;3.929;4.15;4.473;4.917;5.543;6.382;7.391;8.702;10.406;;;;;;;;467;;;222;;;US
RV3101;10;Ravenna;3 Seat Sofa;;4;4.77;4.919;5.108;5.378;5.773;6.316;7.081;8.107;9.34;10.943;13.025;;;;;;;;467;;;222;;;US
RV3102;11;Ravenna;3 Seat Sofa - Armless;;3.551;4.181;4.303;4.458;4.679;5.002;5.446;6.072;6.911;7.92;9.231;10.935;;;;;;;;;;;222;;;US
RV3103;12;Ravenna;3 Seats with Center Arms;;4.415;5.325;5.501;5.724;6.044;6.511;7.152;8.056;9.268;10.726;12.62;15.081;;;;;;;;467;;;222;;;US
RV4101;13;Ravenna;4 Seat Sofa;;5.187;6.167;6.356;6.597;6.941;7.444;8.134;9.108;10.414;11.984;14.023;16.673;;;;;;;;467;;;222;;;US
RV4102;14;Ravenna;4 Seat Sofa - Armless;;4.734;5.574;5.736;5.943;6.237;6.668;7.26;8.095;9.214;10.56;12.308;14.579;;;;;;;;;;;222;;;US
RV4103;15;Ravenna;4 Seats with Center Arms;;5.805;6.995;7.224;7.517;7.934;8.545;9.384;10.566;12.151;14.058;16.534;19.752;;;;;;;;467;;;222;;;US
RV5101;16;Ravenna;5 Seat Sofa;;6.37;7.56;7.789;8.082;8.499;9.11;9.949;11.131;12.716;14.623;17.099;20.317;;;;;;;;467;;;222;;;US
RV5102;17;Ravenna;5 Seat Sofa - Armless;;5.919;6.969;7.171;7.43;7.798;8.337;9.077;10.12;11.519;13.201;15.386;18.226;;;;;;;;;;;222;;;US
RV5103;18;Ravenna;5 Seats with Center Arms;;7.196;8.666;8.949;9.311;9.826;10.581;11.617;13.078;15.036;17.391;20.45;24.425;;;;;;;;467;;;222;;;US
RV1001;19;Ravenna;Ottoman;;763;886;910;940;983;1.046;1.132;1.254;1.417;1.613;1.868;2.199;;;;;;;;;;;222;;;US
RV1003;20;Ravenna;Ottoman with Lid;;998;1.138;1.165;1.2;1.249;1.321;1.419;1.559;1.745;1.969;2.261;2.639;;;;;;;;;;;;;;US
RV6001;21;Ravenna;Loveseat Bench;;1.318;1.476;1.506;1.545;1.6;1.681;1.792;1.949;2.158;2.411;2.738;3.164;;;;;;;;;;;222;;;US
RV2001;22;Ravenna;2 Seat Bench;;1.526;1.772;1.82;1.88;1.966;2.092;2.264;2.508;2.834;3.226;3.736;4.398;;;;;;;;;;;222;;;US
RV3001;23;Ravenna;3 Seat Bench;;2.29;2.659;2.731;2.821;2.95;3.139;3.397;3.763;4.252;4.84;5.605;6.598;;;;;;;;;;;222;;;US
RV4001;24;Ravenna;4 Seat Bench;;3.055;3.547;3.643;3.763;3.935;4.187;4.531;5.019;5.671;6.455;7.475;8.799;;;;;;;;;;;222;;;US
RV5001;25;Ravenna;5 Seat Bench;;3.818;4.433;4.553;4.703;4.918;5.233;5.663;6.273;7.088;8.068;9.343;10.998;;;;;;;;;;;222;;;US
RV0620;26;Ravenna;End Table - Glass Top ;758;;;;;;;;;;;;;;;;;;;;;;;;;;TW
RV0840;27;Ravenna;Coffee Table - Glass Top ;913;;;;;;;;;;;;;;;;;;;;;;;;;;TW
RV0860;28;Ravenna;Sofa Table - Glass Top ;965;;;;;;;;;;;;;;;;;;;;;;;;;;TW
RY1101;1;Rhapsody;Guest Chair;;772;877;898;924;960;1.014;1.088;1.193;1.332;1.501;1.719;2.003;85;;85;209;;209;;;;47;;;;US
RY1201;2;Rhapsody;Oversize Guest Chair;;874;1.014;1.041;1.076;1.125;1.197;1.295;1.435;1.621;1.845;2.137;2.515;85;;85;209;;209;;;;47;;;;US
RY1401;3;Rhapsody;Bariatric Chair;;1.166;1.341;1.375;1.418;1.48;1.569;1.693;1.867;2.1;2.38;2.744;3.218;85;;85;209;;209;;;;47;;;;US
RY1501;4;Rhapsody;Loveseat;;1.294;1.487;1.524;1.571;1.639;1.738;1.873;2.065;2.321;2.629;3.03;3.551;85;;85;209;;209;;;;47;;;;US
RY1161;5;Rhapsody;Hip Chair - Guest;;965;1.07;1.091;1.117;1.153;1.207;1.281;1.386;1.525;1.694;1.912;2.196;85;;85;209;;209;;;;47;;;;US
RY1261;6;Rhapsody;Hip Chair - Oversize;;1.072;1.212;1.239;1.274;1.323;1.395;1.493;1.633;1.819;2.043;2.335;2.713;85;;85;209;;209;;;;47;;;;US
RY2001;7;Rhapsody;2 Seat Bench;;1.131;1.236;1.257;1.283;1.319;1.373;1.447;1.552;1.691;1.86;2.078;2.362;;;;;;;;;;;;;;US
RY3001;8;Rhapsody;3 Seat Bench;;1.455;1.613;1.643;1.682;1.737;1.818;1.929;2.086;2.295;2.548;2.875;3.301;;;;;;;;;;;;;;US
RY0524;9;Rhapsody;End Table - Laminate;567;;;;;;;;;;;;;;;;;;;;;;;222;;;CN
RY0525;10;Rhapsody;End Table - Solid Surface;1.129;;;;;;;;;;;;;;;;;;;;;;;222;;;US
RY0530;11;Rhapsody;"Conversational Table - 30"" Round";717;;;;;;;;;;;;;;;;;;;;;;;222;;;US
RY0080;12;Rhapsody;Personal Table;632;;;;;;;;;;;;;;;;;;;;;;;;;;US
RY0090;13;Rhapsody;Ganging Brackets - Set of 2;47;;;;;;;;;;;;;;;;;;;;;;;;;;CN
SV1101;1;Savoy;Guest Chair;;1.281;1.561;1.615;1.684;1.782;1.926;2.123;2.402;2.775;3.223;3.806;4.563;0;0;;340;340;;;;;;;;;US
SV1201;2;Savoy;Oversize Guest Chair;;1.443;1.793;1.861;1.947;2.07;2.249;2.496;2.844;3.31;3.871;4.599;5.546;0;0;;340;340;;;;;;;;;US
SV1401;3;Savoy;Bariatric Chair;;1.939;2.289;2.357;2.443;2.566;2.745;2.992;3.34;3.806;4.367;5.095;6.042;0;0;;340;340;;;;;;;;;US
SV1501;4;Savoy;Loveseat;;1.841;2.191;2.259;2.345;2.468;2.647;2.894;3.242;3.708;4.269;4.997;5.944;0;0;;340;340;;;;;;;;;US
SV2103;5;Savoy;2 Seats with Center Arm;;2.325;2.815;2.91;3.03;3.202;3.454;3.799;4.286;4.939;5.724;6.743;8.068;0;0;;510;510;;;;;;;;;US
SV3103;6;Savoy;3 Seats with Center Arms;;3.371;4.054;4.185;4.353;4.593;4.943;5.424;6.102;7.011;8.104;9.525;11.37;0;0;;680;680;;;;;;;;;US
SV4103;7;Savoy;4 Seats with Center Arms;;4.416;5.256;5.418;5.625;5.919;6.35;6.942;7.777;8.896;10.242;11.99;14.261;0;0;;850;850;;;;;;;;;US
SV5103;8;Savoy;5 Seats with Center Arms;;5.46;6.51;6.712;6.971;7.339;7.878;8.618;9.661;11.06;12.742;14.927;17.767;0;0;;1020;1020;;;;;;;;;US
SV2201;9;Savoy;2 Chairs with Connecting Center Table;;2.92;3.48;3.588;3.726;3.922;4.21;4.604;5.161;5.907;6.804;7.969;9.484;0;0;;680;680;;;;;;222;;;US
SV0620;10;Savoy;End Table;575;;;;;;;;;;;;;;;;;;;;;;;222;;;US
SV0624;11;Savoy;Corner Table;671;;;;;;;;;;;;;;;;;;;;;;;222;;;US
SV0840;12;Savoy;Coffee Table;742;;;;;;;;;;;;;;;;;;;;;;;222;;;US
SV0020;13;Savoy;Connecting Center Table;356;;;;;;;;;;;;;;;;;;;;;;;;;;US
SN1101;1;Siena;Guest Chair;;1.597;1.947;2.015;2.101;2.224;2.403;2.65;2.998;3.464;4.025;4.753;5.7;;;;;;;105;467;;;222;;;US
SN1201;2;Siena;Oversize Guest Chair;;1.807;2.227;2.308;2.412;2.559;2.774;3.07;3.488;4.047;4.72;5.594;6.73;;;;;;;105;467;;;222;;;US
SN1102;3;Siena;Armless Guest Chair;;1.157;1.367;1.408;1.46;1.533;1.641;1.789;1.998;2.277;2.614;3.051;3.619;;;;;;;105;;;;222;;;US
SN1202;4;Siena;Armless Oversize Guest Chair;;1.369;1.649;1.703;1.772;1.87;2.014;2.211;2.49;2.863;3.311;3.894;4.651;;;;;;;105;;;;222;;;US
SN1501;5;Siena;Loveseat;;2.456;2.946;3.041;3.161;3.333;3.585;3.93;4.417;5.07;5.855;6.874;8.199;;;;;;;;467;;;222;;;US
SN1502;6;Siena;Armless Loveseat;;2.009;2.359;2.427;2.513;2.636;2.815;3.062;3.41;3.876;4.437;5.165;6.112;;;;;;;;;;;222;;;US
SN2101;7;Siena;2 Seat Sofa;;2.757;3.317;3.425;3.563;3.759;4.047;4.441;4.998;5.744;6.641;7.806;9.321;;;;;;;;467;;;222;;;US
SN2102;8;Siena;2 Seat Sofa - Armless;;2.316;2.736;2.817;2.921;3.068;3.283;3.579;3.997;4.556;5.229;6.103;7.239;;;;;;;;;;;222;;;US
SN2103;9;Siena;2 Seats with Center Arm;;2.965;3.595;3.717;3.872;4.093;4.416;4.86;5.486;6.325;7.334;8.645;10.349;;;;;;;;467;;;222;;;US
SN3101;10;Siena;3 Seat Sofa;;3.915;4.685;4.834;5.023;5.293;5.688;6.231;6.996;8.022;9.255;10.858;12.94;;;;;;;;467;;;222;;;US
SN3102;11;Siena;3 Seat Sofa - Armless;;3.475;4.105;4.227;4.382;4.603;4.926;5.37;5.996;6.835;7.844;9.155;10.859;;;;;;;;;;;222;;;US
SN3103;12;Siena;3 Seats with Center Arms;;4.331;5.241;5.417;5.64;5.96;6.427;7.068;7.972;9.184;10.642;12.536;14.997;;;;;;;;467;;;222;;;US
SN4101;13;Siena;4 Seat Sofa;;5.075;6.055;6.244;6.485;6.829;7.332;8.022;8.996;10.302;11.872;13.911;16.561;;;;;;;;467;;;222;;;US
SN4102;14;Siena;4 Seat Sofa - Armless;;4.634;5.474;5.636;5.843;6.137;6.568;7.16;7.995;9.114;10.46;12.208;14.479;;;;;;;;;;;222;;;US
SN4103;15;Siena;4 Seats with Center Arms;;5.697;6.887;7.116;7.409;7.826;8.437;9.276;10.458;12.043;13.95;16.426;19.644;;;;;;;;467;;;222;;;US
SN5101;16;Siena;5 Seat Sofa;;6.234;7.424;7.653;7.946;8.363;8.974;9.813;10.995;12.58;14.487;16.963;20.181;;;;;;;;467;;;222;;;US
SN5102;17;Siena;5 Seat Sofa - Armless;;5.794;6.844;7.046;7.305;7.673;8.212;8.952;9.995;11.394;13.076;15.261;18.101;;;;;;;;;;;222;;;US
SN5103;18;Siena;5 Seats with Center Arms;;7.065;8.535;8.818;9.18;9.695;10.45;11.486;12.947;14.905;17.26;20.319;24.294;;;;;;;;467;;;222;;;US
SN1001;19;Siena;Ottoman;;763;886;910;940;983;1.046;1.132;1.254;1.417;1.613;1.868;2.199;;;;;;;;;;;222;;;US
SN1003;20;Siena;Ottoman with Lid;;998;1.138;1.165;1.2;1.249;1.321;1.419;1.559;1.745;1.969;2.261;2.639;;;;;;;;;;;;;;US
SN6001;21;Siena;Loveseat Bench;;1.318;1.476;1.506;1.545;1.6;1.681;1.792;1.949;2.158;2.411;2.738;3.164;;;;;;;;;;;222;;;US
SN2001;22;Siena;2 Seat Bench;;1.526;1.772;1.82;1.88;1.966;2.092;2.264;2.508;2.834;3.226;3.736;4.398;;;;;;;;;;;222;;;US
SN3001;23;Siena;3 Seat Bench;;2.29;2.659;2.731;2.821;2.95;3.139;3.397;3.763;4.252;4.84;5.605;6.598;;;;;;;;;;;222;;;US
SN4001;24;Siena;4 Seat Bench;;3.055;3.547;3.643;3.763;3.935;4.187;4.531;5.019;5.671;6.455;7.475;8.799;;;;;;;;;;;222;;;US
SN5001;25;Siena;5 Seat Bench;;3.818;4.433;4.553;4.703;4.918;5.233;5.663;6.273;7.088;8.068;9.343;10.998;;;;;;;;;;;222;;;US
SN0620;26;Siena;End Table - Glass Top ;758;;;;;;;;;;;;;;;;;;;;;;;;;;TW
SN0840;27;Siena;Coffee Table - Glass Top ;913;;;;;;;;;;;;;;;;;;;;;;;;;;TW
SN0860;28;Siena;Sofa Table - Glass Top ;965;;;;;;;;;;;;;;;;;;;;;;;;;;TW
WF1101;1;Waterfall;Guest Chair - Leg Base;;918;1.032;1.054;1.082;1.122;1.18;1.261;1.374;1.525;1.707;1.944;2.252;85;;85;;;;;;;47;;;;US
WF1131;2;Waterfall;Guest Chair - Sled Base;;962;1.076;1.098;1.126;1.166;1.224;1.305;1.418;1.569;1.751;1.988;2.296;85;;85;;;;;;;47;;;;US
WF1102;3;Waterfall;Armless Guest Chair - Leg Base;;895;1.009;1.031;1.059;1.099;1.157;1.238;1.351;1.502;1.684;1.921;2.229;;;;;;;;;;47;;;;US
WF1132;4;Waterfall;Armless Guest Chair - Sled Base;;940;1.054;1.076;1.104;1.144;1.202;1.283;1.396;1.547;1.729;1.966;2.274;;;;;;;;;;47;;;;US
WF1201;5;Waterfall;Oversize Guest Chair - Leg Base;;1.037;1.177;1.204;1.239;1.288;1.36;1.458;1.598;1.784;2.008;2.3;2.678;85;;85;;;;;;;47;;;;US
WF1231;6;Waterfall;Oversize Guest Chair - Sled Base;;1.098;1.238;1.265;1.3;1.349;1.421;1.519;1.659;1.845;2.069;2.361;2.739;85;;85;;;;;;;47;;;;US
WF1401;7;Waterfall;Bariatric Chair - Leg Base;;1.344;1.537;1.574;1.621;1.689;1.788;1.923;2.115;2.371;2.679;3.08;3.601;85;;85;;;;;;;47;;;;US
WF1431;8;Waterfall;Bariatric Chair - Sled Base;;1.413;1.606;1.643;1.69;1.758;1.857;1.992;2.184;2.44;2.748;3.149;3.67;85;;85;;;;;;;47;;;;US
WF1501;9;Waterfall;Loveseat - Leg Base;;1.492;1.702;1.743;1.795;1.868;1.976;2.124;2.333;2.612;2.949;3.386;3.954;85;;85;;;;;;;47;;;;US
WF1531;10;Waterfall;Loveseat - Sled Base;;1.558;1.768;1.809;1.861;1.934;2.042;2.19;2.399;2.678;3.015;3.452;4.02;85;;85;;;;;;;47;;;;US
WF2001;11;Waterfall;2 Seat Bench;;1.131;1.236;1.257;1.283;1.319;1.373;1.447;1.552;1.691;1.86;2.078;2.362;;;;;;;;;;;;;;US
WF3001;12;Waterfall;3 Seat Bench;;1.455;1.613;1.643;1.682;1.737;1.818;1.929;2.086;2.295;2.548;2.875;3.301;;;;;;;;;;;;;;US
WF0524;13;Waterfall;End Table - Laminate;567;;;;;;;;;;;;;;;;;;;;;;;222;;;CN
WF0525;14;Waterfall;End Table - Solid Surface;1.129;;;;;;;;;;;;;;;;;;;;;;;222;;;US
WF0530;15;Waterfall;"Conversational Table - 30"" Round";717;;;;;;;;;;;;;;;;;;;;;;;222;;;US
WF0080;16;Waterfall;Personal Table;632;;;;;;;;;;;;;;;;;;;;;;;;;;US
WF0090;17;Waterfall;Ganging Brackets - Set of 2;47;;;;;;;;;;;;;;;;;;;;;;;;;;CN
WS1101;1;Weston;Guest Chair;;822;916;934;956;989;1.037;1.102;1.195;1.319;1.468;1.662;1.914;;;;;;;;;;47;;;;US
WS1201;2;Weston;Oversize Guest Chair;;920;1.025;1.046;1.072;1.108;1.162;1.236;1.341;1.48;1.649;1.867;2.151;;;;;;;;;;47;;;;US
WS1102;3;Weston;Armless Guest Chair;;822;916;934;956;989;1.037;1.102;1.195;1.319;1.468;1.662;1.914;;;;;;;;;;47;;;;US
WS2101;4;Weston;2 Seat Sofa;;1.597;1.785;1.821;1.865;1.931;2.027;2.157;2.343;2.591;2.889;3.277;3.781;;;;;;;;;;47;;;;US
WS2103;5;Weston;2 Seats with Center Arm;;1.597;1.785;1.821;1.865;1.931;2.027;2.157;2.343;2.591;2.889;3.277;3.781;;;;;;;;;;47;;;;US
WS3101;6;Weston;3 Seat Sofa;;2.373;2.655;2.709;2.775;2.874;3.018;3.213;3.492;3.864;4.311;4.893;5.649;;;;;;;;;;47;;;;US
WS3103;7;Weston;3 Seats with Center Arms;;2.373;2.655;2.709;2.775;2.874;3.018;3.213;3.492;3.864;4.311;4.893;5.649;;;;;;;;;;47;;;;US
WS4101;8;Weston;4 Seat Sofa;;3.149;3.525;3.597;3.685;3.817;4.009;4.269;4.641;5.137;5.733;6.509;7.517;;;;;;;;;;47;;;;US
WS4103;9;Weston;4 Seats with Center Arms;;3.149;3.525;3.597;3.685;3.817;4.009;4.269;4.641;5.137;5.733;6.509;7.517;;;;;;;;;;47;;;;US
WS5101;10;Weston;5 Seat Sofa;;3.924;4.394;4.484;4.594;4.759;4.999;5.324;5.789;6.409;7.154;8.124;9.384;;;;;;;;;;47;;;;US
WS5103;11;Weston;5 Seats with Center Arms;;3.924;4.394;4.484;4.594;4.759;4.999;5.324;5.789;6.409;7.154;8.124;9.384;;;;;;;;;;47;;;;US
WS2001;14;Weston;2 Seat Bench;;1.038;1.143;1.164;1.19;1.226;1.28;1.354;1.459;1.598;1.767;1.985;2.269;;;;;;;;;;;;;;US
WS3001;15;Weston;3 Seat Bench;;1.453;1.611;1.641;1.68;1.735;1.816;1.927;2.084;2.293;2.546;2.873;3.299;;;;;;;;;;;;;;US
WS0620;16;Weston;End Table;539;;;;;;;;;;;;;;;;;;;;;;;222;;;CN
WS0624;17;Weston;Corner Table;644;;;;;;;;;;;;;;;;;;;;;;;222;;;CN
WS0840;18;Weston;Coffee Table;718;;;;;;;;;;;;;;;;;;;;;;;222;;;US
WL1101;1;Willow;Guest Chair;;1.297;1.507;1.548;1.6;1.673;1.781;1.929;2.138;2.417;2.754;3.191;3.759;;;;;;;;;53;;;;;US
WL1102;2;Willow;Armless Guest Chair;;947;1.07;1.094;1.124;1.167;1.23;1.316;1.438;1.601;1.797;2.052;2.383;;;;;;;;;53;;;;;US
WL1181;3;Willow;Swivel Guest Chair;;1.738;1.948;1.989;2.041;2.114;2.222;2.37;2.579;2.858;3.195;3.632;4.2;;;;;;;;;53;;;;;US
WL1182;4;Willow;Armless Swivel Guest Chair;;1.387;1.51;1.534;1.564;1.607;1.67;1.756;1.878;2.041;2.237;2.492;2.823;;;;;;;;;53;;;;;US
WL1401;5;Willow;Bariatric Chair;;1.54;1.785;1.833;1.893;1.979;2.105;2.277;2.521;2.847;3.24;3.749;4.412;;;;;;;;;53;;;;;US
WL1402;6;Willow;Armless Bariatric Chair;;1.188;1.346;1.376;1.415;1.47;1.551;1.662;1.819;2.028;2.281;2.608;3.034;;;;;;;;;53;;;;;US
WL1501;7;Willow;Loveseat;;1.962;2.26;2.317;2.39;2.495;2.647;2.857;3.153;3.549;4.026;4.645;5.449;;;;;;;;;53;;;;;US
WL1502;8;Willow;Armless Loveseat;;1.61;1.838;1.882;1.938;2.018;2.134;2.295;2.521;2.824;3.188;3.662;4.277;;;;;;;;;53;;;;;US
WL1601;9;Willow;Sofa;;2.664;3.119;3.207;3.319;3.479;3.712;4.033;4.485;5.091;5.82;6.767;7.997;;;;;;;;;53;;;;;US
WL1602;10;Willow;Armless Sofa;;2.313;2.698;2.773;2.867;3.002;3.2;3.471;3.854;4.367;4.983;5.785;6.826;;;;;;;;;53;;;;;US
WL2001;11;Willow;2 Seat Bench;;1.049;1.189;1.216;1.251;1.3;1.372;1.47;1.61;1.796;2.02;2.312;2.69;;;;;;;;;53;;;;;US
WL3001;12;Willow;3 Seat Bench;;1.443;1.636;1.673;1.72;1.788;1.887;2.022;2.214;2.47;2.778;3.179;3.7;;;;;;;;;53;;;;;US
WL0520;13;Willow;End Table - Laminate;557;;;;;;;;;;;;;;;;;;;;;47;;222;;;US
WL0521;14;Willow;End Table - Solid Surface;1.119;;;;;;;;;;;;;;;;;;;;;47;;222;;;US
WL0536;15;Willow;Conversational Table;838;;;;;;;;;;;;;;;;;;;;;47;;222;;;US
WL0080;16;Willow;Personal Table;633;;;;;;;;;;;;;;;;;;;;;140;;;;;US
